,Id,income_am,profit_last_am,profit_am,damage_am,damage_inc,crd_lim_rec,credit_use_ic,gluten_ic,lactose_ic,insurance_ic,spa_ic,empl_ic,cab_requests,married_cd,bar_no,sport_ic,neighbor_income,age,marketing_permit,urban_ic,dining_ic,presidential,client_segment,sect_empl,prev_stay,prev_all_in_stay,divorce,fam_adult_size,children_no,tenure_mts,company_ic,claims_no,claims_am,nights_booked,gender,shop_am,shop_use,retired,gold_status,avg_score_pos,avg_score_neg,num_score_pos,num_score_neg,revenue_pred
256,256,8669713388.0,4666647.0,3518686345.0,5455822.0,30.0,210000000.0,0.0,0.0,1.0,0.0,1.0,0.0,48.0,1.0,666.0,1.0,2795933888.0,3985.000000000001,1.0,1.0,0.0,1.0,5.0,0.0,1.0,1.0,0.0,10.000000000000002,0.0,244440.0,0.0,27.0,0.0,4863.0,0.0,117638113.57932496,1.0,0.0,1.0,0.2041120854064881,0.8267558400177157,5.0,5.0,4636.295236370761
126,126,81850979.0,0.0,179831676.0,0.0,0.0,0.0,0.0,0.0,0.0,0.0,0.0,0.0,160.0,1.0,0.0,0.0,3046740664.0,2365.0,0.0,1.0,0.0,0.0,5.0,0.0,1.0,0.0,0.0,7.000000000000001,0.0,281.8,0.0,0.0,0.0,1497.0000000000002,0.0,0.0,0.0,0.0,0.0,0.5297585676808211,0.5549277073118496,0.0,5.0,2863.0141933426617
153,153,163341381.0,0.0,186972643.0,0.0,0.0,0.0,1.0,0.0,0.0,0.0,1.0,0.0,0.0,1.0,111.0,0.0,4167339880.0,3904.000000000001,0.0,1.0,0.0,0.0,5.0,0.0,1.0,0.0,0.0,10.000000000000002,0.0,268884.0,0.0,18.0,0.0,1497.0000000000002,0.0,0.0,0.0,0.0,0.0,0.0226485017137119,0.3078560106707526,5.0,5.0,2816.7393155116083
140,140,81850979.0,0.0,162934740.0,0.0,0.0,0.0,0.0,0.0,0.0,0.0,0.0,0.0,128.0,1.0,555.0,0.0,4051857480.0,2770.0,0.0,1.0,0.0,0.0,0.0,0.0,1.0,0.0,0.0,7.000000000000001,0.0,281.8,0.0,0.0,0.0,749.0,0.0,0.0,0.0,0.0,0.0,0.4894654865478892,0.9384607551134244,5.0,5.0,2781.4422373248804
217,217,81850979.0,0.0,162934740.0,0.0,0.0,0.0,0.0,0.0,0.0,0.0,0.0,0.0,48.0,1.0,555.0,0.0,3134612272.0,3985.000000000001,0.0,1.0,0.0,0.0,0.0,0.0,1.0,0.0,0.0,7.000000000000001,0.0,198.2,0.0,0.0,0.0,1497.0000000000002,0.0,0.0,0.0,0.0,0.0,0.5297585676808211,0.4731188122622637,0.0,0.0,2779.300682774916
72,72,81850979.0,0.0,162934740.0,0.0,0.0,0.0,0.0,0.0,0.0,0.0,0.0,0.0,144.0,1.0,666.0,0.0,3056399192.0,4066.000000000001,0.0,1.0,0.0,0.0,0.0,0.0,1.0,0.0,0.0,4.0,0.0,198.2,0.0,0.0,0.0,749.0,0.0,0.0,0.0,0.0,0.0,0.5297585676808211,0.4731188122622637,0.0,0.0,2779.300682774916
298,298,81850979.0,121934970.0,162934740.0,0.0,0.0,0.0,0.0,0.0,0.0,0.0,1.0,0.0,112.0,1.0,333.0,0.0,2303138992.0,4471.0,0.0,0.0,0.0,0.0,0.0,0.0,1.0,0.0,0.0,7.000000000000001,0.0,198.2,0.0,9.0,0.0,1497.0000000000002,0.0,0.0,0.0,0.0,0.0,0.5297585676808211,0.4731188122622637,0.0,0.0,2728.430210445018
262,262,81850979.0,0.0,162934740.0,0.0,0.0,0.0,0.0,0.0,0.0,0.0,1.0,0.0,96.0,1.0,333.0,0.0,3713074112.0,3337.0000000000005,0.0,1.0,0.0,0.0,0.0,0.0,1.0,0.0,0.0,7.000000000000001,0.0,281.8,0.0,0.0,0.0,1123.0,0.0,0.0,0.0,0.0,0.0,0.3342873153999198,0.9171971759598524,5.0,5.0,2727.398321789786
348,350,81850979.0,0.0,162934740.0,0.0,0.0,0.0,0.0,0.0,0.0,0.0,0.0,0.0,16.0,1.0,666.0,0.0,3909394192.0,5686.0,0.0,1.0,0.0,0.0,0.0,0.0,1.0,0.0,0.0,4.0,0.0,281.8,0.0,0.0,0.0,1123.0,0.0,0.0,0.0,1.0,0.0,0.5297585676808211,0.5127750130418537,0.0,15.0,2710.5120493793124
445,449,81850979.0,0.0,162934740.0,0.0,0.0,0.0,0.0,0.0,0.0,0.0,0.0,0.0,16.0,1.0,222.0,0.0,3194348168.0,4309.0,0.0,1.0,0.0,0.0,5.0,0.0,1.0,0.0,0.0,7.000000000000001,0.0,308945.0,0.0,0.0,0.0,1123.0,0.0,0.0,0.0,0.0,0.0,0.4199136797196216,0.5519174295229302,0.0,0.0,2696.154356818025
356,358,81850979.0,0.0,162934740.0,0.0,0.0,0.0,0.0,0.0,0.0,0.0,0.0,0.0,48.0,1.0,999.0,0.0,3461217496.0,4147.0,0.0,1.0,0.0,0.0,0.0,0.0,1.0,0.0,0.0,7.000000000000001,0.0,281.8,0.0,0.0,0.0,1497.0000000000002,0.0,0.0,0.0,0.0,0.0,0.4239609180113801,0.2368113234026757,15.0,15.0,2667.900352203677
213,213,96634636.0,0.0,214530741.0,26297954.0,20.0,165000000.0,0.0,0.0,0.0,1.0,0.0,0.0,80.0,1.0,0.0,1.0,43021.8,2527.0,0.0,1.0,0.0,0.0,5.0,0.0,1.0,0.0,0.0,7.000000000000001,12.0,286538.0,0.0,0.0,0.0,10473.000000000002,1.0,0.0,0.0,0.0,0.0,0.3235391693216669,0.6435690126462309,0.0,0.0,2619.206970568788
343,345,99519252.0,0.0,163135894.0,0.0,0.0,0.0,0.0,0.0,0.0,1.0,0.0,1.0,176.0,1.0,888.0,0.0,3740789888.0,3175.0000000000005,0.0,0.0,0.0,0.0,5.0,0.0,1.0,0.0,0.0,7.000000000000001,0.0,5432.0,0.0,0.0,0.0,1497.0000000000002,0.0,0.0,0.0,0.0,0.0,0.5297585676808211,0.4731188122622637,0.0,0.0,2581.8669391518847
206,206,81850979.0,121934970.0,162934740.0,0.0,0.0,0.0,0.0,0.0,0.0,0.0,1.0,0.0,128.0,1.0,444.0,1.0,2620295656.0,3904.000000000001,0.0,1.0,1.0,0.0,0.0,0.0,1.0,0.0,0.0,10.000000000000002,0.0,281.8,0.0,9.0,223931064.0,1123.0,1.0,0.0,0.0,0.0,0.0,0.5297585676808212,0.2349711765309864,0.0,5.0,2571.1446030702496
457,461,81850979.0,0.0,162934740.0,0.0,0.0,0.0,0.0,0.0,0.0,0.0,1.0,0.0,80.0,1.0,444.0,0.0,33251.2,3823.000000000001,1.0,1.0,0.0,0.0,5.0,6.0,1.0,0.0,0.0,7.000000000000001,0.0,82838.0,1.0,0.0,0.0,1497.0000000000002,0.0,0.0,0.0,0.0,0.0,0.5859726488293114,0.5365228507541476,5.0,5.0,2537.6522540429664
409,412,81850979.0,0.0,162934740.0,0.0,0.0,0.0,0.0,0.0,0.0,0.0,0.0,0.0,112.0,1.0,888.0,1.0,3154769200.0,2446.0,0.0,1.0,1.0,0.0,0.0,0.0,1.0,0.0,0.0,10.000000000000002,0.0,281.8,0.0,9.0,237066179.0,749.0,0.0,0.0,0.0,0.0,0.0,0.2114359430885816,0.4616379935442377,15.0,15.0,2536.4026840280567
183,183,81850979.0,0.0,162934740.0,0.0,0.0,0.0,0.0,0.0,0.0,0.0,0.0,0.0,6.2,1.0,555.0,0.0,3950757888.0,4957.0,0.0,1.0,0.0,0.0,0.0,0.0,1.0,0.0,0.0,4.0,0.0,281.8,0.0,0.0,0.0,1497.0000000000002,1.0,0.0,0.0,0.0,0.0,0.0491635506927714,0.7516377363425029,5.0,5.0,2523.84650983782
229,229,178485615.0,16860144.0,167561282.0,0.0,0.0,0.0,0.0,0.0,0.0,0.0,1.0,0.0,80.0,1.0,444.0,0.0,2241513384.0,5524.0,0.0,1.0,0.0,0.0,5.0,0.0,1.0,0.0,0.0,4.0,0.0,219996.0,0.0,0.0,0.0,1497.0000000000002,1.0,0.0,0.0,0.0,0.0,0.4199136797196217,0.5519174295229302,0.0,0.0,2490.6456683111473
50,50,81850979.0,0.0,162934740.0,0.0,0.0,0.0,0.0,0.0,0.0,0.0,1.0,0.0,80.0,1.0,333.0,0.0,3390878216.0,1474.0000000000002,0.0,1.0,0.0,0.0,5.0,0.0,1.0,0.0,0.0,4.0,0.0,143948.0,0.0,0.0,0.0,1123.0,0.0,0.0,0.0,0.0,0.0,0.4199136797196216,0.5074913065110179,0.0,0.0,2481.3617769793063
5,5,81850979.0,0.0,162934740.0,0.0,0.0,0.0,0.0,0.0,0.0,1.0,1.0,0.0,64.0,1.0,666.0,0.0,2370118784.0,1474.0000000000002,0.0,0.0,0.0,0.0,0.0,0.0,0.0,0.0,0.0,4.0,0.0,679.0,0.0,0.0,0.0,1497.0000000000002,0.0,0.0,0.0,0.0,0.0,0.6467244255303142,0.6259259768111798,10.0,10.0,2465.2388051731327
66,66,98798098.0,0.0,166957820.0,0.0,0.0,0.0,0.0,0.0,0.0,0.0,1.0,0.0,16.0,1.0,0.0,0.0,3060388584.0,2527.0,0.0,1.0,0.0,0.0,5.0,0.0,1.0,0.0,0.0,7.000000000000001,0.0,84196.0,0.0,0.0,0.0,1497.0000000000002,1.0,2834362.4836333985,1.0,0.0,0.0,0.6196242209289883,0.8009676218514058,5.0,5.0,2460.166314551976
384,386,81850979.0,122085507.0,163135894.0,0.0,0.0,0.0,0.0,0.0,0.0,0.0,1.0,0.0,96.0,1.0,222.0,0.0,3396337384.0,3904.000000000001,0.0,0.0,0.0,0.0,5.0,0.0,1.0,0.0,0.0,7.000000000000001,0.0,327278.0,0.0,0.0,0.0,749.0,1.0,0.0,0.0,0.0,0.0,0.3693794828681899,0.5519174295229302,0.0,0.0,2457.872489972835
285,285,81850979.0,0.0,162934740.0,0.0,0.0,0.0,0.0,0.0,0.0,0.0,0.0,0.0,80.0,1.0,444.0,0.0,33251.2,1636.0000000000002,0.0,1.0,0.0,0.0,5.0,0.0,1.0,0.0,0.0,4.0,0.0,139195.0,0.0,0.0,0.0,1497.0000000000002,0.0,0.0,0.0,0.0,0.0,0.6961557288605854,0.5546772981604347,5.0,5.0,2452.4329950772426
220,220,81850979.0,121934970.0,162934740.0,0.0,0.0,0.0,0.0,0.0,0.0,0.0,0.0,0.0,160.0,1.0,444.0,0.0,3782993456.0,5443.0,0.0,1.0,0.0,0.0,0.0,0.0,1.0,0.0,0.0,4.0,0.0,281.8,0.0,0.0,0.0,1497.0000000000002,1.0,0.0,0.0,0.0,0.0,0.1801470354145479,0.0827641453460488,5.0,5.0,2445.246746027824
133,133,114663486.0,0.0,174400518.0,371650.0,10.0,45000000.0,0.0,0.0,0.0,0.0,0.0,0.0,96.0,1.0,111.0,0.0,3341640720.0,3823.000000000001,0.0,1.0,0.0,0.0,5.0,0.0,1.0,0.0,0.0,7.000000000000001,0.0,231539.0,0.0,0.0,0.0,19449.0,0.0,0.0,0.0,0.0,0.0,0.4639662538440534,0.375210480685385,0.0,0.0,2441.1563367970066
482,486,87620211.0,122311312.5,163437625.0,0.0,0.0,0.0,0.0,0.0,0.0,1.0,0.0,0.0,16.0,1.0,0.0,0.0,3225318448.0,1312.0000000000002,0.0,1.0,0.0,0.0,5.0,0.0,1.0,0.0,0.0,4.0,0.0,5432.0,0.0,0.0,0.0,1497.0000000000002,1.0,0.0,0.0,0.0,0.0,0.1807982010855889,0.8828608378473151,10.0,10.0,2433.533532270338
19,19,81850979.0,0.0,162934740.0,0.0,0.0,0.0,0.0,0.0,0.0,0.0,0.0,1.0,80.0,1.0,666.0,0.0,3123588952.0,2527.0,0.0,1.0,0.0,0.0,5.0,0.0,1.0,0.0,0.0,7.000000000000001,0.0,83517.0,0.0,0.0,0.0,375.0,1.0,0.0,0.0,0.0,0.0,0.5297585676808211,0.4731188122622637,0.0,0.0,2431.7379037381156
413,416,162259650.0,6172017.0,167661859.0,0.0,0.0,0.0,0.0,0.0,0.0,0.0,1.0,0.0,96.0,1.0,333.0,0.0,3167367280.0,5362.0,0.0,1.0,0.0,0.0,5.0,0.0,1.0,0.0,0.0,4.0,0.0,269563.0,0.0,0.0,0.0,1123.0,1.0,0.0,0.0,1.0,0.0,0.4199136797196216,0.5519174295229302,0.0,0.0,2419.228683155589
71,71,81850979.0,121934970.0,162934740.0,0.0,0.0,0.0,0.0,0.0,0.0,0.0,0.0,0.0,16.0,1.0,888.0,0.0,4097210568.0,3742.000000000001,0.0,1.0,0.0,0.0,0.0,0.0,1.0,0.0,0.0,10.000000000000002,6.0,281.8,0.0,0.0,0.0,1123.0,1.0,0.0,0.0,0.0,0.0,0.5297585676808212,0.8731990296382127,0.0,5.0,2415.501033946024
106,106,81850979.0,121934970.0,162934740.0,0.0,0.0,0.0,0.0,0.0,0.0,0.0,0.0,0.0,64.0,0.0,777.0,0.0,2783125840.0,6010.0,0.0,1.0,0.0,0.0,0.0,0.0,1.0,0.0,0.0,4.0,0.0,281.8,0.0,0.0,0.0,1497.0000000000002,1.0,0.0,0.0,0.0,0.0,0.2229174195465701,0.1594756801347024,15.0,15.0,2412.835576436823
386,388,81850979.0,0.0,163135894.0,0.0,0.0,0.0,0.0,0.0,0.0,0.0,0.0,0.0,48.0,1.0,333.0,0.0,3780788792.0,1798.0000000000002,0.0,1.0,0.0,0.0,5.0,0.0,1.0,0.0,0.0,4.0,0.0,129010.0,0.0,0.0,0.0,375.0,0.0,0.0,0.0,0.0,0.0,0.4199136797196216,0.5074913065110179,0.0,0.0,2406.386138650627
410,413,81850979.0,0.0,163035317.0,0.0,0.0,0.0,0.0,0.0,0.0,0.0,0.0,1.0,112.0,1.0,111.0,0.0,2576727296.0,2689.0,0.0,0.0,0.0,0.0,5.0,0.0,0.0,0.0,0.0,7.000000000000001,0.0,24444.0,0.0,0.0,0.0,749.0,0.0,0.0,0.0,0.0,0.0,0.7797620921676179,0.7091771076242935,10.0,10.0,2391.922955857391
137,137,97355790.0,0.0,164543972.0,0.0,0.0,0.0,0.0,0.0,0.0,0.0,0.0,0.0,32.0,1.0,333.0,0.0,3037817024.0,2851.0000000000005,1.0,1.0,1.0,0.0,5.0,6.0,1.0,0.0,0.0,10.000000000000002,0.0,323883.0,0.0,18.0,0.0,375.0,0.0,0.0,0.0,0.0,0.0,0.3612312544658235,0.6134358502392389,5.0,5.0,2388.289407249613
167,167,81850979.0,0.0,163035317.0,0.0,0.0,0.0,0.0,0.0,0.0,0.0,0.0,0.0,128.0,1.0,555.0,0.0,33251.2,4390.0,1.0,1.0,0.0,0.0,5.0,6.0,0.0,0.0,0.0,7.000000000000001,0.0,63826.0,0.0,0.0,0.0,1123.0,0.0,0.0,0.0,0.0,0.0,0.602293678159167,0.5538262479957462,20.0,20.0,2379.5366304227846
395,397,247716399.0,29053641.0,170679169.0,0.0,0.0,90000000.0,0.0,0.0,0.0,0.0,0.0,0.0,160.0,1.0,0.0,0.0,3110570936.0,5524.0,0.0,1.0,0.0,0.0,5.0,0.0,1.0,0.0,0.0,4.0,0.0,182651.0,0.0,0.0,0.0,10847.000000000002,1.0,0.0,0.0,1.0,0.0,0.2107866551347549,0.7594381288212773,5.0,5.0,2375.6306808729737
370,372,87620211.0,0.0,163839933.0,0.0,0.0,0.0,0.0,0.0,0.0,0.0,1.0,0.0,16.0,1.0,555.0,0.0,33251.2,3661.000000000001,0.0,1.0,0.0,0.0,5.0,0.0,0.0,0.0,0.0,7.000000000000001,0.0,126973.0,0.0,0.0,0.0,1123.0,0.0,0.0,0.0,0.0,0.0,0.5946838328991104,0.63241548741376,5.0,5.0,2373.517594025996
494,498,177403884.0,0.0,373744132.0,10599458.0,20.0,150000000.0,0.0,0.0,0.0,1.0,1.0,0.0,112.0,1.0,0.0,1.0,3836325328.0,3823.000000000001,0.0,1.0,0.0,0.0,5.0,0.0,1.0,0.0,0.0,10.000000000000002,12.0,196231.0,0.0,0.0,0.0,16831.0,0.0,0.0,0.0,0.0,0.0,0.7305216098907017,0.609638392246997,10.0,10.0,2359.839016253059
46,46,102403868.0,122913460.5,164242241.0,0.0,0.0,0.0,0.0,0.0,0.0,0.0,1.0,0.0,96.0,1.0,0.0,0.0,3351719184.0,5767.0,1.0,1.0,0.0,0.0,5.0,0.0,1.0,0.0,0.0,4.0,0.0,183330.0,0.0,0.0,0.0,1497.0000000000002,1.0,0.0,0.0,1.0,0.0,0.4199136797196216,0.507491306511018,0.0,0.0,2354.1882187022707
197,197,88341365.0,122010238.5,163035317.0,0.0,0.0,0.0,0.0,0.0,0.0,0.0,0.0,0.0,112.0,1.0,0.0,0.0,4582236648.0,4390.0,0.0,1.0,0.0,0.0,5.0,0.0,1.0,0.0,0.0,4.0,0.0,2716.0,0.0,0.0,0.0,1497.0000000000002,1.0,0.0,0.0,0.0,0.0,0.5297585676808211,0.4731188122622637,0.0,0.0,2344.2520446575563
466,470,81850979.0,121934970.0,162934740.0,0.0,0.0,0.0,0.0,0.0,0.0,0.0,0.0,0.0,48.0,1.0,333.0,0.0,3313295040.0,2527.0,1.0,1.0,1.0,0.0,0.0,0.0,1.0,0.0,0.0,10.000000000000002,0.0,198.2,0.0,27.0,0.0,1497.0000000000002,0.0,0.0,0.0,0.0,0.0,0.5297585676808212,0.4731188122622637,0.0,0.0,2343.764126740989
292,292,634976097.0,0.0,204171310.0,0.0,0.0,0.0,0.0,0.0,0.0,0.0,0.0,0.0,128.0,1.0,666.0,0.0,2778086608.0,3823.000000000001,1.0,1.0,0.0,0.0,5.0,6.0,1.0,0.0,0.0,10.000000000000002,0.0,266847.0,0.0,0.0,0.0,1123.0,0.0,0.0,0.0,0.0,0.0,0.4199136797196216,0.5074913065110179,0.0,0.0,2342.04980148993
54,54,82572133.0,0.0,163940510.0,0.0,0.0,0.0,0.0,0.0,0.0,1.0,1.0,0.0,96.0,1.0,444.0,0.0,3606620336.0,1636.0000000000002,0.0,1.0,0.0,0.0,5.0,0.0,1.0,0.0,0.0,4.0,0.0,164318.0,0.0,0.0,0.0,1123.0,0.0,0.0,0.0,0.0,0.0,0.4199136797196216,0.5074913065110179,0.0,0.0,2340.2437541731438
269,269,233293319.0,12645108.0,188682452.0,0.0,0.0,120000000.0,0.0,0.0,0.0,1.0,1.0,0.0,80.0,1.0,111.0,0.0,2698403752.0,2122.0,0.0,0.0,0.0,0.0,5.0,6.0,1.0,0.0,0.0,7.000000000000001,6.0,40061.0,0.0,0.0,0.0,21693.0,1.0,11439599.678353691,1.0,0.0,0.0,0.1272614511839015,0.8023422843556726,5.0,5.0,2330.703127741803
208,208,81850979.0,0.0,162934740.0,0.0,0.0,0.0,0.0,0.0,0.0,0.0,1.0,0.0,32.0,0.0,111.0,0.0,3905194832.0,5443.0,0.0,1.0,0.0,0.0,0.0,0.0,1.0,0.0,0.0,4.0,0.0,281.8,0.0,0.0,0.0,1497.0000000000002,1.0,0.0,0.0,0.0,0.0,0.4310332703977352,0.7757748204413412,10.0,10.0,2322.104811175802
191,191,345432766.0,0.0,224186133.0,0.0,0.0,0.0,0.0,0.0,0.0,0.0,1.0,0.0,160.0,1.0,666.0,0.0,3471295960.0,5038.0,0.0,1.0,0.0,0.0,5.0,0.0,1.0,0.0,0.0,7.000000000000001,0.0,237650.0,0.0,0.0,0.0,10847.000000000002,0.0,43700390.631132655,1.0,1.0,0.0,0.625673576952734,0.4029388534327434,0.0,0.0,2305.778941613653
56,56,251322169.0,29505252.0,330496022.0,13825379.999999998,10.0,45000000.0,0.0,0.0,0.0,1.0,0.0,0.0,144.0,1.0,0.0,1.0,2977871160.0,2527.0,0.0,1.0,0.0,0.0,5.0,0.0,1.0,0.0,0.0,10.000000000000002,12.0,236971.0,0.0,0.0,0.0,18327.0,1.0,0.0,0.0,0.0,0.0,0.6225014233432924,0.7558132827538565,10.0,10.0,2298.03915733716
391,393,81850979.0,121934970.0,162934740.0,0.0,0.0,0.0,0.0,0.0,0.0,0.0,0.0,0.0,80.0,1.0,666.0,0.0,2687905352.0,3580.0000000000005,0.0,1.0,0.0,0.0,0.0,0.0,1.0,0.0,0.0,10.000000000000002,6.0,281.8,0.0,0.0,0.0,749.0,1.0,0.0,0.0,0.0,0.0,0.7323879704540959,0.8442268259712576,10.0,10.0,2296.717085603686
341,343,81850979.0,0.0,162934740.0,0.0,0.0,0.0,0.0,0.0,0.0,0.0,0.0,0.0,112.0,1.0,444.0,0.0,3070886984.0,4147.0,1.0,1.0,0.0,0.0,5.0,0.0,1.0,0.0,0.0,10.000000000000002,0.0,80122.0,0.0,0.0,0.0,749.0,0.0,0.0,0.0,0.0,0.0,0.5297585676808211,0.4731188122622637,0.0,0.0,2295.0421823527986
270,270,5300842477.0,0.0,931141866.0,39350302.0,20.0,270000000.0,0.0,0.0,0.0,0.0,1.0,0.0,48.0,1.0,1443.0,0.0,4746326640.0,4633.0,0.0,1.0,0.0,0.0,5.0,6.0,1.0,1.0,0.0,10.000000000000002,0.0,221354.0,0.0,0.0,0.0,3367.0,0.0,0.0,0.0,0.0,0.0,0.4047639284022057,0.4687501253968861,0.0,0.0,2288.5612890182733
324,326,81850979.0,121934970.0,162934740.0,0.0,0.0,0.0,0.0,0.0,0.0,0.0,1.0,0.0,0.0,1.0,888.0,1.0,2851155472.0,3742.000000000001,0.0,1.0,0.0,0.0,5.0,0.0,1.0,0.0,0.0,10.000000000000002,0.0,198.2,0.0,9.0,0.0,1123.0,1.0,0.0,0.0,0.0,0.0,0.5297585676808211,0.4731188122622637,0.0,0.0,2282.6461470488
487,491,84014441.0,0.0,196024573.0,0.0,0.0,75000000.0,0.0,0.0,0.0,0.0,0.0,0.0,96.0,0.0,0.0,0.0,2620820576.0,5524.0,0.0,1.0,0.0,0.0,5.0,0.0,1.0,0.0,1.0,4.0,0.0,117467.0,0.0,0.0,0.0,1123.0,0.0,0.0,0.0,1.0,0.0,0.1077444989931665,0.269899515973565,10.0,10.0,2281.0914874116907
24,24,81850979.0,0.0,164141664.0,0.0,0.0,0.0,0.0,0.0,0.0,0.0,1.0,0.0,32.0,0.0,0.0,1.0,3006321824.0,4309.0,0.0,1.0,0.0,0.0,0.0,0.0,1.0,0.0,1.0,4.0,0.0,281.8,0.0,0.0,0.0,1497.0000000000002,0.0,0.0,0.0,1.0,0.0,0.3110321877118102,0.3289361335250532,10.0,10.0,2276.3236652046744
171,171,81850979.0,121934970.0,162934740.0,0.0,0.0,0.0,0.0,0.0,0.0,0.0,1.0,0.0,160.0,1.0,555.0,0.0,3630031768.0,2608.0,0.0,1.0,0.0,0.0,0.0,0.0,1.0,0.0,0.0,10.000000000000002,0.0,281.8,0.0,0.0,0.0,749.0,0.0,0.0,0.0,0.0,0.0,0.3343961247077986,0.5068971658282438,10.0,10.0,2275.572999202666
452,456,488942412.0,226332379.5,302435039.0,0.0,0.0,0.0,0.0,0.0,0.0,0.0,1.0,0.0,144.0,1.0,888.0,0.0,3450089192.0,3904.000000000001,0.0,1.0,0.0,0.0,5.0,6.0,1.0,0.0,0.0,10.000000000000002,0.0,37345.0,0.0,0.0,0.0,1497.0000000000002,1.0,0.0,0.0,0.0,0.0,0.569876243979591,0.5739114899358765,10.0,10.0,2273.0793335457593
398,400,81850979.0,121934970.0,162934740.0,0.0,0.0,0.0,0.0,0.0,0.0,0.0,1.0,0.0,144.0,1.0,555.0,0.0,3903830040.0,3175.0000000000005,0.0,1.0,0.0,0.0,0.0,0.0,1.0,0.0,0.0,7.000000000000001,0.0,0.0,0.0,0.0,0.0,1123.0,0.0,0.0,0.0,0.0,0.0,0.6855627332120683,0.9446350073503608,5.0,5.0,2272.2129558257125
303,303,419351051.0,0.0,198639575.0,0.0,0.0,0.0,0.0,0.0,0.0,0.0,0.0,0.0,48.0,0.0,111.0,0.0,3060388584.0,4633.0,0.0,1.0,0.0,0.0,5.0,0.0,1.0,0.0,0.0,4.0,0.0,156849.0,0.0,0.0,0.0,375.0,0.0,0.0,0.0,0.0,0.0,0.3579398252175013,0.5634419698025753,15.0,15.0,2269.7367260054134
439,443,81850979.0,0.0,163236471.0,0.0,0.0,0.0,0.0,0.0,0.0,0.0,0.0,0.0,64.0,1.0,111.0,0.0,3516859016.0,1312.0000000000002,0.0,1.0,0.0,0.0,5.0,0.0,1.0,0.0,0.0,10.000000000000002,24.0,228823.0,0.0,0.0,0.0,13091.0,1.0,0.0,0.0,0.0,0.0,0.313879553756398,0.5519174295229302,0.0,0.0,2267.8204861636113
489,493,146754839.0,124268293.5,166052627.0,0.0,0.0,0.0,0.0,0.0,0.0,0.0,1.0,0.0,64.0,1.0,777.0,0.0,2798348520.0,3499.0000000000005,1.0,1.0,0.0,0.0,5.0,0.0,1.0,0.0,0.0,10.000000000000002,0.0,391104.0,0.0,0.0,0.0,1497.0000000000002,1.0,0.0,0.0,0.0,0.0,0.2906541570220489,0.5519174295229302,0.0,0.0,2267.430031000856
479,483,81850979.0,0.0,162934740.0,0.0,0.0,0.0,0.0,0.0,0.0,0.0,0.0,0.0,112.0,0.0,666.0,0.0,3175870984.0,5200.0,0.0,0.0,0.0,0.0,5.0,0.0,1.0,0.0,1.0,4.0,0.0,86233.0,0.0,0.0,0.0,1497.0000000000002,0.0,0.0,0.0,1.0,0.0,0.5297585676808211,0.7967628660592275,0.0,10.0,2263.9542286233045
145,145,81850979.0,0.0,162934740.0,0.0,0.0,0.0,0.0,0.0,0.0,0.0,0.0,0.0,96.0,1.0,333.0,0.0,2122986448.0,2203.0,0.0,0.0,0.0,0.0,5.0,0.0,0.0,0.0,0.0,10.000000000000002,0.0,52283.0,0.0,0.0,0.0,14961.0,0.0,0.0,0.0,0.0,0.0,0.5297585676808211,0.4731188122622637,0.0,0.0,2258.176756114938
359,361,3170914138.0,138795114.0,803006768.0,0.0,0.0,0.0,0.0,0.0,0.0,0.0,1.0,0.0,96.0,0.0,0.0,0.0,3322533632.0,4957.0,0.0,1.0,0.0,0.0,5.0,0.0,1.0,0.0,1.0,4.0,0.0,185367.0,0.0,0.0,0.0,1497.0000000000002,1.0,0.0,0.0,1.0,0.0,0.5297585676808211,0.4731188122622637,0.0,0.0,2255.3297463906047
376,378,95192328.0,0.0,164242241.0,0.0,0.0,0.0,0.0,0.0,0.0,0.0,0.0,0.0,0.0,0.0,0.0,0.0,33251.2,5524.0,0.0,1.0,0.0,0.0,5.0,0.0,1.0,0.0,1.0,4.0,0.0,170429.0,0.0,0.0,0.0,749.0,1.0,0.0,0.0,1.0,0.0,0.6248366787726426,0.3918461799262259,15.0,15.0,2254.127329889304
309,309,192548118.0,12946182.0,171081477.0,0.0,0.0,0.0,0.0,0.0,0.0,0.0,1.0,0.0,128.0,1.0,333.0,0.0,3017870064.0,2365.0,0.0,1.0,0.0,0.0,5.0,0.0,1.0,0.0,0.0,10.000000000000002,0.0,266847.0,0.0,0.0,0.0,10847.000000000002,1.0,0.0,0.0,0.0,0.0,0.6395104550773445,0.7079344515728451,5.0,5.0,2248.8577715764973
470,474,115024063.0,5720406.0,164644549.0,0.0,0.0,0.0,0.0,0.0,0.0,0.0,1.0,0.0,80.0,1.0,333.0,0.0,3391508120.0,2527.0,0.0,1.0,0.0,0.0,5.0,0.0,1.0,0.0,0.0,7.000000000000001,0.0,83517.0,0.0,0.0,0.0,1497.0000000000002,1.0,0.0,0.0,0.0,0.0,0.5297585676808211,0.4731188122622637,0.0,0.0,2228.825485117238
216,216,81850979.0,121934970.0,162934740.0,0.0,0.0,0.0,0.0,0.0,0.0,0.0,1.0,0.0,96.0,1.0,888.0,0.0,3037817024.0,5281.0,1.0,1.0,1.0,0.0,0.0,0.0,1.0,0.0,0.0,4.0,0.0,281.8,0.0,9.0,0.0,1497.0000000000002,0.0,0.0,0.0,1.0,0.0,0.5636381369729565,0.5086665824207975,5.0,5.0,2227.886726962574
321,323,81850979.0,0.0,162934740.0,0.0,0.0,0.0,0.0,0.0,0.0,0.0,0.0,0.0,32.0,1.0,666.0,0.0,2781761048.0,4633.0,0.0,0.0,0.0,0.0,5.0,0.0,1.0,0.0,0.0,7.000000000000001,0.0,280427.0,0.0,9.0,46018196.0,375.0,0.0,0.0,0.0,0.0,0.0,0.4199136797196216,0.2201515217457245,0.0,5.0,2223.4345911570435
414,417,166225997.0,2860203.0,344174494.0,17824334.0,30.0,210000000.0,0.0,0.0,0.0,1.0,1.0,0.0,80.0,1.0,0.0,1.0,2763493832.0,2689.0,1.0,1.0,0.0,0.0,5.0,0.0,1.0,1.0,0.0,10.000000000000002,12.0,253946.0,0.0,0.0,0.0,25807.0,1.0,10903538.31267843,1.0,0.0,0.0,0.5397201107557525,0.8677149216874204,15.0,15.0,2222.9031103634775
432,436,320552953.0,0.0,214933049.0,0.0,0.0,75000000.0,0.0,0.0,0.0,0.0,0.0,0.0,80.0,1.0,111.0,0.0,4168284736.0,4066.000000000001,0.0,1.0,0.0,0.0,5.0,6.0,1.0,0.0,0.0,10.000000000000002,6.0,224749.0,0.0,0.0,0.0,10473.000000000002,0.0,35814915.40833865,1.0,0.0,0.0,0.2004334165868502,0.1134503390960671,5.0,5.0,2216.1197675558633
250,250,90144250.0,0.0,164443395.0,0.0,0.0,0.0,0.0,0.0,0.0,0.0,1.0,0.0,160.0,0.0,555.0,0.0,2474052944.0,5119.0,1.0,0.0,0.0,0.0,5.0,0.0,1.0,0.0,0.0,4.0,0.0,66542.0,0.0,0.0,0.0,1497.0000000000002,0.0,0.0,0.0,1.0,0.0,0.5297585676808212,0.4731188122622637,0.0,0.0,2214.857702369024
4,4,341105842.0,33419214.0,204774772.0,0.0,0.0,0.0,0.0,0.0,1.0,0.0,0.0,0.0,80.0,1.0,0.0,0.0,3802625464.0,5119.0,0.0,1.0,0.0,0.0,5.0,0.0,1.0,1.0,0.0,4.0,0.0,283143.0,0.0,0.0,0.0,12717.0,1.0,0.0,0.0,0.0,0.0,0.4106169681033847,0.6539200023769486,10.0,10.0,2207.0370216261454
13,13,81850979.0,0.0,163035317.0,0.0,0.0,0.0,0.0,0.0,0.0,1.0,1.0,0.0,48.0,1.0,555.0,0.0,2650741016.0,2608.0,0.0,0.0,0.0,0.0,5.0,0.0,0.0,0.0,0.0,7.000000000000001,0.0,21728.0,0.0,0.0,0.0,1497.0000000000002,0.0,0.0,0.0,0.0,0.0,0.693185055418978,0.5620420269815916,5.0,5.0,2199.05546294171
390,392,81850979.0,121934970.0,162934740.0,0.0,0.0,0.0,0.0,0.0,0.0,0.0,1.0,0.0,96.0,0.0,666.0,1.0,3337441360.0,3904.000000000001,1.0,1.0,1.0,0.0,0.0,0.0,1.0,0.0,1.0,7.000000000000001,0.0,198.2,0.0,18.0,16486834.0,1123.0,0.0,0.0,0.0,0.0,0.0,0.5297585676808211,0.4731188122622637,0.0,0.0,2196.1802519909056
326,328,160096188.0,0.0,164342818.0,0.0,0.0,0.0,0.0,0.0,0.0,0.0,1.0,0.0,96.0,1.0,999.0,0.0,3427307664.0,3094.0000000000005,0.0,1.0,0.0,0.0,5.0,0.0,1.0,0.0,0.0,7.000000000000001,0.0,152775.0,0.0,0.0,0.0,1123.0,0.0,0.0,0.0,0.0,0.0,0.2465623585373665,0.361505877017871,5.0,5.0,2194.5218814136983
288,288,122956757.0,7225776.0,165147434.0,0.0,0.0,0.0,0.0,0.0,0.0,0.0,0.0,0.0,64.0,1.0,666.0,0.0,4293845600.0,2689.0,0.0,1.0,0.0,0.0,5.0,0.0,1.0,0.0,0.0,10.000000000000002,12.0,188762.0,0.0,0.0,0.0,1497.0000000000002,1.0,0.0,0.0,0.0,0.0,0.4199136797196216,0.5519174295229302,0.0,0.0,2184.7271171619664
291,291,84014441.0,122762923.5,164041087.0,0.0,0.0,0.0,0.0,0.0,0.0,1.0,1.0,0.0,16.0,1.0,999.0,0.0,3925036808.0,1879.0,0.0,1.0,0.0,0.0,5.0,6.0,1.0,0.0,0.0,7.000000000000001,0.0,27160.0,0.0,0.0,0.0,1497.0000000000002,1.0,0.0,0.0,0.0,0.0,0.5297585676808211,0.4731188122622637,0.0,0.0,2183.475973415799
97,97,81850979.0,0.0,163236471.0,0.0,0.0,0.0,0.0,0.0,0.0,0.0,0.0,0.0,160.0,1.0,333.0,0.0,33251.2,2527.0,0.0,1.0,0.0,0.0,5.0,0.0,1.0,0.0,0.0,7.000000000000001,0.0,150059.0,0.0,0.0,0.0,1123.0,0.0,0.0,0.0,0.0,0.0,0.3316345730537554,0.4473524964420993,15.0,15.0,2177.6017043271854
230,230,310456797.0,0.0,243999802.0,0.0,0.0,0.0,0.0,0.0,1.0,0.0,1.0,0.0,144.0,1.0,222.0,0.0,3736380560.0,4309.0,1.0,1.0,0.0,0.0,5.0,0.0,1.0,0.0,0.0,7.000000000000001,0.0,69937.0,0.0,0.0,0.0,1123.0,1.0,0.0,0.0,0.0,1.0,0.5399335197025036,0.7422631477436156,10.0,10.0,2177.2157350004836
316,317,453245289.0,6172017.0,238769798.0,0.0,0.0,0.0,0.0,0.0,0.0,0.0,1.0,0.0,160.0,1.0,777.0,0.0,3268676840.0,3823.000000000001,1.0,1.0,0.0,0.0,5.0,0.0,1.0,0.0,0.0,7.000000000000001,0.0,414869.0,0.0,9.0,0.0,1497.0000000000002,1.0,51319279.27256208,1.0,0.0,0.0,0.506904699447402,0.6505074318056394,5.0,5.0,2176.3058003498513
411,414,81850979.0,0.0,162934740.0,0.0,0.0,0.0,0.0,0.0,0.0,0.0,0.0,0.0,80.0,1.0,0.0,0.0,3118234768.0,4309.0,0.0,1.0,0.0,0.0,0.0,0.0,1.0,0.0,0.0,10.000000000000002,0.0,281.8,0.0,9.0,152367334.0,1123.0,1.0,0.0,0.0,0.0,0.0,0.9883323528075636,0.5352386562994546,5.0,5.0,2173.29767844441
306,306,81850979.0,122010238.5,163035317.0,0.0,0.0,0.0,0.0,0.0,0.0,1.0,1.0,0.0,80.0,1.0,555.0,0.0,3475810272.0,1879.0,0.0,1.0,0.0,0.0,5.0,0.0,1.0,0.0,0.0,7.000000000000001,0.0,209811.0,0.0,0.0,0.0,1497.0000000000002,0.0,0.0,0.0,0.0,0.0,0.4199136797196216,0.5519174295229302,0.0,0.0,2163.6217993684927
119,119,81850979.0,0.0,162934740.0,0.0,0.0,0.0,0.0,0.0,0.0,0.0,0.0,0.0,48.0,1.0,555.0,0.0,3470351104.0,3742.000000000001,1.0,1.0,0.0,0.0,0.0,0.0,1.0,0.0,0.0,7.000000000000001,0.0,281.8,0.0,0.0,0.0,1497.0000000000002,0.0,0.0,0.0,0.0,0.0,0.8026201672964524,0.5665500428320326,20.0,20.0,2153.908479362053
468,472,81850979.0,0.0,162934740.0,0.0,0.0,0.0,0.0,0.0,0.0,0.0,1.0,0.0,32.0,0.0,777.0,0.0,2460195056.0,3094.0000000000005,0.0,0.0,0.0,0.0,5.0,0.0,1.0,0.0,1.0,7.000000000000001,18.0,67221.0,0.0,0.0,0.0,1497.0000000000002,0.0,0.0,0.0,0.0,0.0,0.5297585676808211,0.4731188122622637,0.0,0.0,2147.556313576607
382,384,86538480.0,0.0,165650319.0,0.0,0.0,75000000.0,0.0,0.0,0.0,0.0,0.0,0.0,160.0,1.0,0.0,0.0,2952255064.0,3094.0000000000005,0.0,1.0,0.0,0.0,5.0,0.0,0.0,0.0,0.0,7.000000000000001,0.0,99134.0,0.0,0.0,0.0,1497.0000000000002,0.0,0.0,0.0,0.0,0.0,0.1510702249759095,0.0146935487633394,5.0,5.0,2146.8085971181367
282,282,81850979.0,0.0,162934740.0,0.0,0.0,0.0,0.0,0.0,0.0,0.0,1.0,0.0,96.0,1.0,333.0,0.0,2861443904.0,4957.0,0.0,1.0,0.0,0.0,5.0,0.0,1.0,0.0,0.0,4.0,0.0,59073.0,0.0,0.0,0.0,1497.0000000000002,1.0,0.0,0.0,0.0,0.0,0.5297585676808212,0.4731188122622637,0.0,0.0,2143.3280716546124
320,322,81850979.0,0.0,162934740.0,0.0,0.0,0.0,0.0,0.0,0.0,0.0,1.0,0.0,128.0,0.0,333.0,0.0,2732628536.0,5443.0,0.0,1.0,0.0,0.0,0.0,0.0,1.0,0.0,0.0,4.0,0.0,281.8,0.0,0.0,0.0,1497.0000000000002,1.0,0.0,0.0,0.0,0.0,0.3017248641146936,0.4998538581693779,15.0,15.0,2134.1676609858882
116,116,81850979.0,121934970.0,162934740.0,0.0,0.0,0.0,0.0,0.0,0.0,0.0,1.0,0.0,160.0,1.0,888.0,0.0,3568406160.0,4876.0,1.0,0.0,1.0,0.0,0.0,0.0,1.0,0.0,0.0,4.0,0.0,281.8,0.0,18.0,0.0,1497.0000000000002,0.0,0.0,0.0,0.0,0.0,0.6337046319515488,0.2026970549167893,10.0,10.0,2123.629586281948
69,69,748197275.0,116816712.0,193811879.0,0.0,0.0,0.0,0.0,0.0,0.0,0.0,0.0,0.0,80.0,1.0,333.0,0.0,2984485152.0,5119.0,0.0,1.0,0.0,0.0,5.0,0.0,1.0,0.0,0.0,4.0,0.0,167034.0,0.0,0.0,0.0,1123.0,1.0,0.0,0.0,1.0,0.0,0.6562472791939483,0.8184601076264018,10.0,10.0,2117.114877762678
333,335,82211556.0,0.0,240781338.0,0.0,0.0,0.0,0.0,0.0,0.0,1.0,0.0,0.0,64.0,1.0,111.0,0.0,3708349832.0,1879.0,1.0,1.0,0.0,0.0,5.0,0.0,1.0,0.0,0.0,7.000000000000001,0.0,105245.0,0.0,0.0,0.0,375.0,0.0,0.0,0.0,0.0,0.0,0.2428478867018634,0.5647740717699232,5.0,5.0,2114.290915030069
434,438,185336578.0,13548330.0,173897633.0,0.0,0.0,22500000.0,0.0,0.0,0.0,1.0,1.0,0.0,128.0,1.0,666.0,0.0,2810316696.0,1555.0000000000002,0.0,1.0,0.0,0.0,5.0,0.0,1.0,0.0,0.0,4.0,0.0,70616.0,0.0,0.0,0.0,1123.0,1.0,0.0,0.0,0.0,0.0,0.3829896732466849,0.4234504713963199,0.0,0.0,2105.9133998196603
362,364,2508173612.0,226407648.0,468688820.0,0.0,0.0,270000000.0,1.0,0.0,1.0,1.0,1.0,0.0,128.0,1.0,0.0,0.0,3459957688.0,5524.0,1.0,1.0,1.0,0.0,5.0,0.0,1.0,1.0,0.0,4.0,0.0,455609.0,0.0,18.0,0.0,15335.0,0.0,0.0,0.0,1.0,0.0,0.2488933275821391,0.5611650332704706,5.0,5.0,2104.895234055754
311,312,81850979.0,0.0,182748409.0,23577476.0,50.0,0.0,0.0,0.0,0.0,1.0,1.0,0.0,96.0,1.0,0.0,0.0,3743414488.0,3256.0000000000005,0.0,1.0,0.0,0.0,5.0,0.0,1.0,1.0,0.0,10.000000000000002,24.0,107282.0,0.0,0.0,0.0,62459.0,1.0,0.0,0.0,0.0,0.0,0.7431343334813673,0.4823632713007632,10.0,10.0,2104.1578211066158
421,425,104567330.0,127279033.5,170075707.0,0.0,0.0,420000000.0,0.0,0.0,0.0,0.0,1.0,0.0,64.0,1.0,333.0,0.0,3447044656.0,4633.0,0.0,1.0,0.0,0.0,5.0,0.0,1.0,1.0,0.0,7.000000000000001,0.0,257341.0,0.0,0.0,0.0,26929.0,1.0,3747525.064157987,1.0,0.0,0.0,0.3788445143601744,0.817370889399532,0.0,15.0,2097.530115579624
293,293,190745233.0,13698867.0,167863013.0,0.0,0.0,210000000.0,0.0,0.0,0.0,1.0,0.0,0.0,160.0,1.0,0.0,0.0,3311405328.0,2689.0,1.0,1.0,0.0,0.0,5.0,0.0,1.0,0.0,0.0,7.000000000000001,0.0,196910.0,0.0,0.0,0.0,16831.0,1.0,0.0,0.0,0.0,0.0,0.6922119418773501,0.6240551691873307,10.0,10.0,2095.6991223878344
446,450,81850979.0,0.0,162934740.0,0.0,0.0,0.0,0.0,0.0,0.0,1.0,1.0,0.0,48.0,1.0,1332.0,0.0,2778086608.0,2041.0,1.0,1.0,0.0,0.0,5.0,6.0,1.0,0.0,0.0,7.000000000000001,0.0,44814.0,0.0,0.0,0.0,749.0,0.0,0.0,0.0,0.0,0.0,0.5600077388992613,0.5020425396089567,5.0,5.0,2095.4752242697036
196,196,81850979.0,0.0,163035317.0,0.0,0.0,0.0,0.0,0.0,0.0,0.0,0.0,0.0,64.0,1.0,888.0,0.0,4110438552.0,4390.0,1.0,1.0,0.0,0.0,5.0,0.0,1.0,0.0,0.0,4.0,0.0,207095.0,0.0,0.0,0.0,749.0,0.0,0.0,0.0,0.0,0.0,0.7764360275024095,0.6457890547632392,10.0,10.0,2091.956688161743
136,136,81850979.0,0.0,162934740.0,0.0,0.0,0.0,0.0,0.0,0.0,0.0,0.0,0.0,160.0,1.0,666.0,0.0,3492607712.0,3337.0000000000005,0.0,0.0,0.0,0.0,5.0,0.0,0.0,0.0,0.0,7.000000000000001,0.0,17654.0,0.0,0.0,0.0,1497.0000000000002,0.0,0.0,0.0,0.0,0.0,0.0586190514710974,0.3815384291875177,20.0,20.0,2091.428388707387
284,284,357331807.0,0.0,215536511.0,0.0,0.0,0.0,0.0,0.0,0.0,0.0,0.0,0.0,80.0,1.0,333.0,1.0,3345210176.0,2608.0,1.0,1.0,0.0,0.0,5.0,0.0,1.0,0.0,0.0,7.000000000000001,0.0,295365.0,0.0,0.0,0.0,1123.0,0.0,0.0,0.0,0.0,0.0,0.4199136797196216,0.5519174295229302,0.0,0.0,2090.508958561643
347,349,81850979.0,121934970.0,162934740.0,0.0,0.0,0.0,0.0,0.0,0.0,0.0,0.0,0.0,0.0,0.0,222.0,0.0,3183639800.0,3823.000000000001,0.0,1.0,0.0,0.0,5.0,0.0,1.0,0.0,1.0,7.000000000000001,0.0,162281.0,0.0,0.0,0.0,1497.0000000000002,1.0,0.0,0.0,0.0,0.0,0.4199136797196216,0.5074913065110179,0.0,0.0,2087.9854424826376
338,340,232211588.0,0.0,198136690.0,0.0,0.0,0.0,0.0,0.0,0.0,0.0,0.0,0.0,16.0,1.0,111.0,0.0,34184.0,3418.0000000000005,0.0,1.0,0.0,0.0,5.0,0.0,1.0,0.0,0.0,7.000000000000001,0.0,201663.0,0.0,0.0,0.0,1497.0000000000002,1.0,24939223.731612246,1.0,0.0,0.0,0.5837552858651878,0.4639244299457398,0.0,0.0,2083.437065157545
440,444,81850979.0,0.0,164946280.0,0.0,0.0,0.0,0.0,0.0,0.0,1.0,0.0,0.0,144.0,1.0,0.0,0.0,4254476600.0,1960.0,1.0,1.0,0.0,0.0,5.0,0.0,1.0,0.0,0.0,7.000000000000001,0.0,25123.0,0.0,0.0,0.0,375.0,1.0,0.0,0.0,0.0,0.0,0.5297585676808211,0.4731188122622637,0.0,0.0,2081.754600546814
467,471,86899057.0,0.0,163337048.0,0.0,0.0,150000000.0,0.0,0.0,0.0,1.0,0.0,0.0,144.0,1.0,888.0,0.0,3762416592.0,4471.0,1.0,1.0,0.0,0.0,5.0,0.0,1.0,0.0,0.0,10.000000000000002,0.0,320488.0,0.0,0.0,0.0,14587.0,0.0,0.0,0.0,0.0,0.0,0.3788445143601744,0.4672150031343215,0.0,0.0,2081.7376966629367
146,146,81850979.0,0.0,162934740.0,0.0,0.0,0.0,0.0,0.0,0.0,0.0,0.0,0.0,16.0,1.0,555.0,0.0,3764621256.0,4714.0,0.0,1.0,0.0,0.0,5.0,0.0,1.0,0.0,0.0,7.000000000000001,0.0,160923.0,0.0,0.0,0.0,1497.0000000000002,1.0,0.0,0.0,0.0,0.0,0.4199136797196216,0.5074913065110179,0.0,0.0,2078.946750893885
257,257,81850979.0,121934970.0,162934740.0,0.0,0.0,0.0,0.0,0.0,0.0,0.0,1.0,0.0,80.0,1.0,111.0,0.0,3690502552.0,1636.0000000000002,0.0,0.0,0.0,0.0,5.0,0.0,0.0,0.0,0.0,4.0,0.0,117467.0,0.0,0.0,0.0,1497.0000000000002,1.0,0.0,0.0,0.0,0.0,0.4199136797196216,0.5074913065110179,0.0,0.0,2074.093515178326
462,466,219591393.0,5720406.0,582642561.0,3121860.0,10.0,135000000.0,0.0,0.0,0.0,1.0,0.0,1.0,64.0,1.0,666.0,1.0,3626672280.0,3499.0000000000005,1.0,1.0,0.0,0.0,5.0,0.0,1.0,0.0,0.0,7.000000000000001,6.0,121541.0,0.0,9.0,0.0,37401.0,1.0,15139850.854667488,1.0,0.0,0.0,0.4412318731662614,0.3441168153866858,0.0,0.0,2073.313714235057
246,246,115024063.0,5118258.0,164845703.0,0.0,0.0,0.0,0.0,0.0,0.0,0.0,0.0,0.0,80.0,1.0,999.0,0.0,2996558312.0,4795.0,0.0,1.0,0.0,0.0,5.0,0.0,1.0,0.0,0.0,4.0,0.0,455609.0,0.0,0.0,0.0,1123.0,0.0,0.0,0.0,1.0,0.0,0.2906541570220489,0.5519174295229302,0.0,0.0,2068.7540400183257
43,43,81850979.0,0.0,167460705.0,0.0,0.0,0.0,0.0,0.0,0.0,0.0,0.0,0.0,96.0,1.0,999.0,0.0,4301614416.0,4876.0,0.0,1.0,0.0,0.0,5.0,0.0,1.0,0.0,0.0,4.0,0.0,20370.0,0.0,0.0,0.0,749.0,1.0,0.0,0.0,0.0,0.0,0.5297585676808211,0.4731188122622637,0.0,0.0,2068.352433325931
92,92,84375018.0,0.0,164443395.0,0.0,0.0,0.0,0.0,0.0,0.0,0.0,1.0,0.0,80.0,1.0,222.0,0.0,2793204304.0,4066.000000000001,1.0,0.0,0.0,0.0,5.0,6.0,1.0,0.0,0.0,10.000000000000002,0.0,455609.0,0.0,0.0,0.0,1497.0000000000002,0.0,0.0,0.0,0.0,0.0,0.8445077460758706,0.7363223579135975,15.0,15.0,2067.8150586979827
400,402,1286538736.0,38236398.0,216441704.0,0.0,0.0,0.0,0.0,0.0,0.0,0.0,1.0,0.0,80.0,1.0,555.0,0.0,3728506760.0,4957.0,0.0,1.0,0.0,0.0,5.0,0.0,1.0,0.0,0.0,4.0,0.0,281785.0,0.0,0.0,0.0,1123.0,1.0,0.0,0.0,0.0,0.0,0.4689998607455617,0.434694796714893,10.0,10.0,2060.8975598715974
162,162,81850979.0,0.0,168466475.0,26788532.0,10.0,450000000.0,0.0,0.0,0.0,0.0,0.0,0.0,16.0,1.0,777.0,1.0,3952227664.0,3094.0000000000005,0.0,1.0,0.0,0.0,5.0,0.0,1.0,0.0,0.0,10.000000000000002,0.0,158207.0,0.0,9.0,0.0,3741.0,0.0,0.0,0.0,0.0,0.0,0.3791140889243327,0.6007815709303792,10.0,10.0,2058.329040607583
93,93,647956869.0,143838103.5,192202647.0,0.0,0.0,90000000.0,0.0,0.0,0.0,0.0,0.0,0.0,144.0,0.0,555.0,0.0,36220.6,5443.0,0.0,1.0,0.0,0.0,5.0,0.0,1.0,0.0,0.0,4.0,0.0,166355.0,0.0,0.0,0.0,25807.0,1.0,0.0,0.0,0.0,0.0,0.4444338251620813,0.4912618993437244,0.0,0.0,2058.0867950151396
469,473,5861900289.0,926705772.0,540199067.0,5054440.0,20.0,450000000.0,1.0,1.0,1.0,1.0,1.0,0.0,144.0,0.0,1110.0,0.0,4802913016.0,3175.0000000000005,1.0,1.0,0.0,0.0,5.0,0.0,1.0,1.0,1.0,10.000000000000002,6.0,171108.0,0.0,0.0,0.0,8977.000000000002,1.0,39014226.85668967,1.0,0.0,0.0,0.3820295477244138,0.437656460098187,0.0,0.0,2044.6268777082596
180,180,170192344.0,15354774.0,167158974.0,0.0,0.0,0.0,0.0,0.0,0.0,0.0,0.0,0.0,32.0,1.0,666.0,0.0,3127053424.0,4309.0,1.0,1.0,0.0,0.0,5.0,0.0,1.0,0.0,0.0,7.000000000000001,0.0,164318.0,0.0,0.0,0.0,1497.0000000000002,1.0,0.0,0.0,0.0,0.0,0.1690872049177607,0.5731005366565493,10.0,10.0,2041.945073086787
426,430,453966443.0,258472029.0,345381418.0,0.0,0.0,450000000.0,0.0,0.0,0.0,1.0,1.0,0.0,16.0,1.0,777.0,0.0,3803360352.0,3418.0000000000005,1.0,1.0,0.0,0.0,5.0,0.0,1.0,0.0,0.0,10.000000000000002,0.0,230181.0,0.0,0.0,0.0,58345.0,1.0,61666647.78773296,1.0,0.0,0.0,0.4153124591242301,0.3425816931241211,0.0,0.0,2037.3608081633988
472,476,2619231328.0,446944353.0,298613113.0,0.0,0.0,120000000.0,0.0,0.0,0.0,0.0,1.0,0.0,48.0,1.0,0.0,0.0,3449354304.0,6091.0,0.0,1.0,0.0,0.0,5.0,0.0,1.0,0.0,0.0,4.0,0.0,398573.0,0.0,0.0,0.0,6733.000000000001,0.0,0.0,0.0,1.0,0.0,0.6967214920365474,0.9327460970250924,5.0,5.0,2037.1581440325776
88,88,81850979.0,0.0,162934740.0,0.0,0.0,360000000.0,0.0,0.0,0.0,0.0,0.0,0.0,64.0,1.0,0.0,0.0,2872782176.0,3742.000000000001,0.0,1.0,0.0,0.0,5.0,0.0,1.0,0.0,0.0,7.000000000000001,0.0,52962.0,0.0,0.0,0.0,13091.0,1.0,0.0,0.0,0.0,0.0,0.7308783942713116,0.2819044401586436,5.0,5.0,2036.5148377138478
143,143,1157812747.0,468922755.0,313297355.0,0.0,0.0,150000000.0,0.0,0.0,1.0,0.0,1.0,0.0,96.0,1.0,1332.0,0.0,2934407784.0,4714.0,1.0,1.0,0.0,0.0,5.0,0.0,1.0,1.0,0.0,4.0,0.0,321167.0,0.0,0.0,0.0,12717.0,1.0,75919248.14679796,1.0,1.0,0.0,0.2861159660475695,0.65927296031372,15.0,15.0,2036.1727320379277
327,329,100600983.0,2860203.0,164644549.0,0.0,0.0,22500000.0,0.0,0.0,0.0,0.0,1.0,0.0,112.0,1.0,888.0,0.0,3868030496.0,1555.0000000000002,0.0,1.0,0.0,0.0,5.0,0.0,1.0,0.0,0.0,4.0,0.0,76048.0,0.0,0.0,0.0,1497.0000000000002,1.0,0.0,0.0,0.0,0.0,0.4170270255562837,0.4993856995895825,5.0,5.0,2035.7316309682662
237,237,182091385.0,13849404.0,167460705.0,0.0,0.0,0.0,0.0,0.0,0.0,0.0,0.0,0.0,32.0,1.0,0.0,0.0,3833070824.0,4309.0,0.0,1.0,0.0,0.0,5.0,0.0,1.0,0.0,0.0,10.000000000000002,0.0,414869.0,0.0,0.0,0.0,375.0,1.0,0.0,0.0,0.0,0.0,0.6614406018045158,0.3798638356920433,10.0,10.0,2034.8488747364056
459,463,1207572373.0,56752449.0,394060686.0,0.0,0.0,135000000.0,0.0,0.0,1.0,0.0,0.0,0.0,112.0,1.0,0.0,0.0,3393292848.0,2689.0,0.0,0.0,0.0,0.0,5.0,0.0,1.0,0.0,0.0,7.000000000000001,0.0,247835.0,0.0,0.0,0.0,1123.0,0.0,32977528.485771127,1.0,0.0,0.0,0.4412318731662615,0.3441168153866858,0.0,0.0,2030.827003941157
224,224,81850979.0,0.0,164443395.0,0.0,0.0,0.0,0.0,0.0,0.0,1.0,0.0,0.0,64.0,1.0,444.0,0.0,2841601928.0,2041.0,1.0,1.0,0.0,0.0,5.0,0.0,1.0,0.0,0.0,4.0,6.0,56357.0,0.0,0.0,0.0,1497.0000000000002,0.0,0.0,0.0,0.0,0.0,0.5297585676808211,0.4731188122622637,0.0,0.0,2025.7253993194756
235,235,81850979.0,0.0,162934740.0,0.0,0.0,75000000.0,0.0,0.0,0.0,0.0,1.0,0.0,64.0,1.0,444.0,0.0,5388618752.0,2932.0000000000005,1.0,1.0,0.0,0.0,5.0,0.0,1.0,0.0,0.0,7.000000000000001,0.0,86912.0,0.0,0.0,0.0,7481.000000000001,1.0,0.0,0.0,0.0,0.0,0.4047639284022057,0.4687501253968861,0.0,0.0,2023.5693269041706
340,342,4204688397.0,8580609.0,1970303430.0,0.0,0.0,150000000.0,0.0,0.0,1.0,0.0,1.0,0.0,48.0,0.0,666.0,0.0,4371008840.0,4714.0,1.0,1.0,0.0,0.0,5.0,0.0,1.0,1.0,0.0,7.000000000000001,0.0,382277.0,0.0,0.0,0.0,8603.000000000002,1.0,10068002.998129688,1.0,0.0,1.0,0.3829896732466849,0.4234504713963199,0.0,0.0,2008.6947009708852
404,406,81850979.0,121934970.0,162934740.0,0.0,0.0,45000000.0,0.0,0.0,0.0,1.0,1.0,0.0,80.0,1.0,999.0,0.0,2479092176.0,2527.0,1.0,1.0,0.0,0.0,5.0,0.0,1.0,0.0,0.0,7.000000000000001,0.0,154812.0,0.0,0.0,0.0,1497.0000000000002,1.0,0.0,0.0,0.0,0.0,0.4639662538440534,0.375210480685385,0.0,0.0,1998.088032992337
314,315,81850979.0,121934970.0,162934740.0,0.0,0.0,0.0,0.0,0.0,0.0,0.0,0.0,0.0,80.0,1.0,666.0,0.0,3162538016.0,1960.0,1.0,1.0,0.0,0.0,0.0,0.0,1.0,0.0,0.0,4.0,0.0,281.8,0.0,0.0,0.0,749.0,0.0,0.0,0.0,0.0,0.0,0.4640126850131648,0.9355602058800258,5.0,5.0,1996.0144210264693
263,263,128365412.0,127053228.0,169773976.0,0.0,0.0,0.0,0.0,0.0,0.0,0.0,0.0,0.0,112.0,1.0,0.0,0.0,3093143592.0,2932.0000000000005,0.0,1.0,0.0,0.0,5.0,0.0,1.0,0.0,0.0,10.000000000000002,0.0,328636.0,0.0,0.0,0.0,749.0,1.0,0.0,0.0,0.0,0.0,0.5719565436188492,0.1236060434643427,5.0,5.0,1994.7671635071151
274,274,96634636.0,1806444.0,166454935.0,0.0,0.0,45000000.0,0.0,0.0,0.0,1.0,1.0,0.0,64.0,1.0,555.0,0.0,3859316824.0,1960.0,0.0,1.0,0.0,0.0,5.0,0.0,1.0,0.0,0.0,10.000000000000002,12.0,74011.0,0.0,0.0,0.0,1123.0,1.0,0.0,0.0,0.0,0.0,0.4047639284022057,0.4687501253968861,0.0,0.0,1983.8772175205884
170,170,737740542.0,113805972.0,168365898.0,0.0,0.0,0.0,0.0,0.0,1.0,0.0,0.0,0.0,96.0,1.0,0.0,0.0,3393292848.0,3256.0000000000005,1.0,1.0,0.0,0.0,5.0,6.0,1.0,0.0,0.0,10.000000000000002,24.0,274316.0,0.0,0.0,0.0,749.0,0.0,0.0,0.0,0.0,0.0,0.7627440775298285,0.8780010661613207,5.0,5.0,1982.500516610879
406,408,728365540.0,59010504.0,256370773.0,0.0,0.0,22500000.0,0.0,0.0,1.0,1.0,0.0,0.0,0.0,1.0,999.0,0.0,3196552832.0,1555.0000000000002,1.0,1.0,0.0,0.0,5.0,0.0,1.0,0.0,0.0,4.0,0.0,174503.0,0.0,0.0,0.0,1497.0000000000002,1.0,0.0,0.0,0.0,0.0,0.3829896732466849,0.4234504713963199,0.0,0.0,1981.4968104262277
11,11,134855798.0,4516110.0,173897633.0,0.0,0.0,165000000.0,0.0,0.0,0.0,1.0,1.0,0.0,32.0,1.0,444.0,0.0,40891.8,1879.0,1.0,1.0,0.0,0.0,5.0,0.0,1.0,0.0,0.0,7.000000000000001,6.0,72653.0,0.0,0.0,0.0,7107.000000000001,1.0,0.0,0.0,0.0,0.0,0.2179376313556237,0.5878269190978296,10.0,10.0,1980.3161124714316
195,195,81850979.0,0.0,162934740.0,0.0,0.0,0.0,0.0,0.0,0.0,0.0,0.0,0.0,96.0,1.0,111.0,0.0,3051149992.0,2527.0,0.0,1.0,0.0,0.0,5.0,0.0,0.0,0.0,0.0,7.000000000000001,0.0,90307.0,0.0,0.0,0.0,1497.0000000000002,1.0,0.0,0.0,0.0,0.0,0.6493774258729736,0.7147950829126467,10.0,10.0,1978.0316150303447
135,135,81850979.0,0.0,162934740.0,0.0,0.0,0.0,0.0,0.0,0.0,0.0,0.0,0.0,80.0,1.0,0.0,0.0,3401376616.0,2932.0000000000005,1.0,1.0,0.0,0.0,5.0,0.0,1.0,0.0,0.0,10.000000000000002,0.0,164318.0,0.0,0.0,0.0,9725.000000000002,1.0,0.0,0.0,0.0,0.0,0.4724396594537009,0.3632317365995953,5.0,5.0,1966.9096848408612
68,68,328846224.0,15053700.0,219358437.0,0.0,0.0,0.0,0.0,0.0,0.0,0.0,0.0,0.0,16.0,1.0,666.0,0.0,3752863048.0,3904.000000000001,1.0,1.0,0.0,0.0,5.0,0.0,1.0,0.0,0.0,10.000000000000002,0.0,164318.0,0.0,0.0,0.0,375.0,1.0,0.0,0.0,0.0,0.0,0.5297585676808211,0.4731188122622637,0.0,0.0,1966.6484245462727
460,464,1767548454.0,0.0,184458218.0,0.0,0.0,0.0,0.0,0.0,0.0,0.0,0.0,0.0,16.0,1.0,444.0,0.0,3231302536.0,5686.0,1.0,1.0,0.0,0.0,5.0,0.0,1.0,0.0,0.0,4.0,0.0,360549.0,0.0,0.0,0.0,749.0,0.0,0.0,0.0,1.0,0.0,0.8578917482836584,0.5868484220092849,10.0,10.0,1966.0339173726393
474,478,134134644.0,0.0,162934740.0,0.0,0.0,0.0,1.0,0.0,0.0,1.0,0.0,0.0,16.0,1.0,888.0,1.0,3492397744.0,1879.0,1.0,1.0,0.0,0.0,0.0,0.0,1.0,0.0,0.0,7.000000000000001,0.0,0.0,0.0,0.0,0.0,375.0,0.0,0.0,0.0,0.0,0.0,0.3226491687883726,0.5377821439887579,5.0,5.0,1964.8932481270394
221,221,81850979.0,0.0,162934740.0,0.0,0.0,0.0,0.0,0.0,0.0,0.0,0.0,0.0,16.0,1.0,0.0,0.0,3569770952.0,3904.000000000001,1.0,1.0,0.0,0.0,5.0,0.0,1.0,0.0,0.0,7.000000000000001,0.0,26481.0,0.0,0.0,0.0,1497.0000000000002,1.0,0.0,0.0,0.0,0.0,0.646254771904157,0.3162770957150835,5.0,5.0,1958.4532699236465
266,266,81850979.0,0.0,162934740.0,0.0,0.0,120000000.0,0.0,0.0,0.0,0.0,1.0,0.0,144.0,1.0,444.0,0.0,3409880320.0,3742.000000000001,0.0,1.0,0.0,0.0,5.0,0.0,1.0,0.0,0.0,10.000000000000002,0.0,237650.0,0.0,0.0,0.0,23563.0,1.0,0.0,0.0,0.0,0.0,0.3058380120084143,0.6075471070074154,10.0,10.0,1950.000731365411
202,202,119711564.0,150537.0,164342818.0,0.0,0.0,22500000.0,0.0,0.0,0.0,1.0,0.0,0.0,64.0,1.0,0.0,0.0,3704990344.0,1636.0000000000002,0.0,1.0,0.0,0.0,5.0,0.0,1.0,0.0,0.0,4.0,0.0,179256.0,0.0,0.0,0.0,1497.0000000000002,0.0,0.0,0.0,0.0,0.0,0.1570863142727274,0.5149763425328342,10.0,10.0,1944.0478341465705
172,172,81850979.0,0.0,162934740.0,0.0,0.0,0.0,0.0,0.0,0.0,0.0,0.0,0.0,16.0,1.0,222.0,0.0,4377097912.0,5038.0,1.0,1.0,0.0,0.0,5.0,0.0,1.0,0.0,0.0,4.0,0.0,115430.0,0.0,0.0,0.0,1497.0000000000002,1.0,0.0,0.0,1.0,0.0,0.4199136797196217,0.5074913065110179,0.0,0.0,1943.7754536898194
379,381,2008413890.0,293848224.0,302233885.0,0.0,0.0,120000000.0,0.0,0.0,0.0,1.0,1.0,0.0,128.0,1.0,1110.0,0.0,3260278120.0,4309.0,0.0,1.0,0.0,0.0,5.0,0.0,1.0,1.0,0.0,7.000000000000001,0.0,237650.0,0.0,0.0,0.0,22815.0,1.0,37584457.409579575,1.0,0.0,1.0,0.4412318731662615,0.3441168153866858,0.0,0.0,1938.2184041859125
27,27,1379567602.0,4215036.0,183854756.0,0.0,0.0,0.0,0.0,0.0,0.0,0.0,1.0,0.0,64.0,0.0,666.0,0.0,3000652688.0,6253.0,1.0,1.0,0.0,0.0,5.0,0.0,1.0,0.0,0.0,4.0,0.0,224070.0,0.0,0.0,0.0,4863.0,1.0,0.0,0.0,1.0,0.0,0.5297585676808212,0.4731188122622638,0.0,0.0,1935.9204013935391
228,228,82932710.0,0.0,213625548.0,0.0,0.0,0.0,0.0,0.0,0.0,0.0,0.0,0.0,176.0,1.0,111.0,0.0,33251.2,3580.0000000000005,0.0,1.0,0.0,0.0,5.0,0.0,0.0,1.0,0.0,7.000000000000001,0.0,129010.0,0.0,0.0,0.0,375.0,0.0,0.0,0.0,0.0,0.0,0.5943288412282542,0.4218871390092135,0.0,10.0,1927.3511696280832
212,212,292067370.0,28752567.0,174400518.0,0.0,0.0,0.0,0.0,0.0,0.0,1.0,1.0,0.0,144.0,1.0,222.0,0.0,2765068592.0,1717.0000000000002,0.0,1.0,0.0,0.0,5.0,0.0,1.0,0.0,0.0,4.0,0.0,164318.0,0.0,0.0,0.0,3741.0,0.0,0.0,0.0,0.0,0.0,0.6005016451884277,0.7705361078405463,15.0,15.0,1926.4274195287437
454,458,225721202.0,1053759.0,199142460.0,0.0,0.0,0.0,0.0,0.0,0.0,0.0,0.0,0.0,16.0,1.0,111.0,0.0,4451846520.0,4633.0,1.0,1.0,0.0,0.0,5.0,0.0,1.0,0.0,0.0,10.000000000000002,6.0,282464.0,0.0,0.0,0.0,7481.000000000001,1.0,22738849.041845467,1.0,0.0,0.0,0.2399070169368867,0.3040063972690049,5.0,5.0,1922.7241935426762
477,481,104567330.0,301074.0,164543972.0,0.0,0.0,0.0,0.0,0.0,0.0,0.0,1.0,0.0,80.0,1.0,444.0,0.0,5150410056.0,5119.0,0.0,1.0,0.0,0.0,5.0,0.0,1.0,0.0,0.0,4.0,0.0,241724.0,0.0,0.0,0.0,1497.0000000000002,0.0,0.0,0.0,1.0,0.0,0.6454158747281012,0.5562242874562455,10.0,10.0,1917.0629092453057
10,10,100961560.0,3311814.0,196728612.0,0.0,0.0,45000000.0,0.0,0.0,0.0,0.0,0.0,0.0,160.0,1.0,777.0,0.0,3492607712.0,3985.000000000001,0.0,0.0,0.0,0.0,5.0,0.0,1.0,0.0,0.0,7.000000000000001,0.0,17654.0,0.0,0.0,0.0,4863.0,1.0,0.0,0.0,0.0,0.0,0.249899839712623,0.5061564172363375,10.0,10.0,1915.2484114719043
123,123,308293335.0,39290157.0,177317251.0,0.0,0.0,45000000.0,0.0,0.0,0.0,1.0,0.0,0.0,96.0,1.0,444.0,0.0,3838215040.0,1474.0000000000002,0.0,1.0,0.0,0.0,5.0,0.0,1.0,0.0,0.0,4.0,0.0,164318.0,0.0,0.0,0.0,375.0,1.0,0.0,0.0,0.0,0.0,0.4639662538440534,0.375210480685385,0.0,0.0,1913.962729498882
365,367,1690384976.0,0.0,531046560.0,0.0,0.0,135000000.0,0.0,0.0,0.0,0.0,0.0,0.0,96.0,1.0,111.0,0.0,4210908240.0,4957.0,1.0,1.0,0.0,0.0,5.0,0.0,1.0,0.0,0.0,4.0,0.0,277711.0,0.0,0.0,0.0,15709.0,1.0,0.0,0.0,0.0,0.0,0.4639662538440534,0.375210480685385,0.0,0.0,1911.7156038041267
408,411,87259634.0,123741414.0,165348588.0,0.0,0.0,45000000.0,0.0,0.0,0.0,0.0,0.0,0.0,48.0,1.0,999.0,0.0,3009891280.0,5038.0,0.0,1.0,0.0,0.0,5.0,0.0,1.0,0.0,0.0,4.0,0.0,256662.0,0.0,0.0,0.0,20197.0,1.0,0.0,0.0,1.0,0.0,0.4639662538440534,0.375210480685385,0.0,0.0,1908.3352217159652
464,468,81850979.0,0.0,276989058.0,0.0,0.0,0.0,0.0,0.0,0.0,1.0,0.0,0.0,192.0,1.0,666.0,0.0,3118759688.0,3661.000000000001,0.0,0.0,0.0,0.0,5.0,0.0,1.0,1.0,0.0,7.000000000000001,0.0,228144.0,0.0,0.0,0.0,1497.0000000000002,0.0,0.0,0.0,0.0,0.0,0.4199136797196216,0.4640118575968258,0.0,10.0,1905.33243225237
31,31,5248558812.0,517847280.0,403615501.0,0.0,0.0,0.0,0.0,0.0,0.0,0.0,0.0,0.0,128.0,0.0,0.0,0.0,5035557560.0,5362.0,1.0,1.0,0.0,0.0,5.0,0.0,1.0,0.0,1.0,4.0,0.0,260736.0,0.0,0.0,0.0,749.0,1.0,67366352.81867632,1.0,1.0,0.0,0.4967318022780533,0.4536273571659254,0.0,0.0,1904.2527344920315
35,35,302524103.0,34623510.0,206082273.0,0.0,0.0,120000000.0,0.0,0.0,0.0,1.0,0.0,0.0,112.0,1.0,888.0,0.0,3695961720.0,1798.0000000000002,0.0,1.0,0.0,0.0,5.0,0.0,1.0,0.0,0.0,7.000000000000001,0.0,194873.0,0.0,0.0,0.0,19449.0,1.0,0.0,0.0,0.0,0.0,0.3820260148058436,0.8310721529900521,5.0,5.0,1902.16598713368
240,240,81850979.0,0.0,162934740.0,0.0,0.0,0.0,0.0,0.0,0.0,0.0,0.0,0.0,32.0,0.0,666.0,0.0,3777114352.0,4633.0,0.0,1.0,0.0,0.0,5.0,0.0,1.0,0.0,1.0,7.000000000000001,0.0,66542.0,0.0,0.0,0.0,1497.0000000000002,0.0,0.0,0.0,0.0,0.0,0.2328592989530273,0.2612015671319132,15.0,15.0,1891.1080766131265
304,304,205528890.0,21376254.0,165952050.0,0.0,0.0,0.0,0.0,0.0,0.0,0.0,1.0,0.0,16.0,1.0,0.0,0.0,3060283600.0,1312.0000000000002,0.0,1.0,0.0,0.0,5.0,0.0,1.0,0.0,0.0,4.0,0.0,110677.0,0.0,0.0,0.0,1123.0,0.0,0.0,0.0,0.0,0.0,0.5087665644581744,0.3167412182057096,10.0,10.0,1888.2305657167956
51,51,554567426.0,79182462.0,187576105.0,0.0,0.0,90000000.0,0.0,0.0,0.0,0.0,0.0,0.0,80.0,1.0,888.0,0.0,3356653432.0,2689.0,0.0,1.0,0.0,0.0,5.0,0.0,1.0,0.0,0.0,7.000000000000001,12.0,196231.0,0.0,0.0,0.0,21693.0,1.0,0.0,0.0,0.0,0.0,0.3257848674384776,0.3103636514592671,10.0,10.0,1886.5784284195663
236,236,2804928483.0,464707719.0,360970853.0,0.0,0.0,330000000.0,0.0,0.0,0.0,0.0,0.0,0.0,128.0,1.0,666.0,0.0,3117289912.0,3661.000000000001,0.0,0.0,0.0,0.0,5.0,6.0,1.0,0.0,0.0,10.000000000000002,6.0,242403.0,1.0,27.0,0.0,8229.0,0.0,0.0,0.0,0.0,0.0,0.1635507477485114,0.1515668919363852,5.0,5.0,1883.3397657982941
385,387,85096172.0,150537.0,164745126.0,0.0,0.0,360000000.0,0.0,0.0,0.0,0.0,0.0,0.0,48.0,1.0,999.0,0.0,3193823248.0,3904.000000000001,1.0,1.0,0.0,0.0,5.0,0.0,1.0,0.0,0.0,10.000000000000002,0.0,266168.0,0.0,0.0,0.0,43011.0,1.0,0.0,0.0,0.0,0.0,0.3788445143601744,0.838868734436944,0.0,10.0,1882.8275633840456
255,255,184615424.0,121934970.0,162934740.0,0.0,0.0,0.0,0.0,0.0,0.0,1.0,0.0,0.0,96.0,1.0,999.0,0.0,3194978072.0,1717.0000000000002,1.0,1.0,0.0,0.0,0.0,0.0,1.0,0.0,0.0,7.000000000000001,0.0,679.0,0.0,0.0,0.0,1123.0,0.0,0.0,0.0,0.0,0.0,0.1401884118255661,0.2278430563760353,10.0,10.0,1881.038468098245
428,432,88341365.0,123214534.5,164644549.0,0.0,0.0,105000000.0,0.0,0.0,0.0,0.0,0.0,0.0,96.0,1.0,888.0,0.0,2829003848.0,6010.0,0.0,1.0,0.0,0.0,5.0,0.0,1.0,0.0,0.0,4.0,0.0,167034.0,0.0,0.0,0.0,16457.0,0.0,0.0,0.0,0.0,0.0,0.0036820975136457,1.7867966040133867e-05,5.0,5.0,1879.3442752661804
95,95,82572133.0,0.0,167259551.0,0.0,0.0,105000000.0,0.0,0.0,0.0,0.0,0.0,0.0,128.0,1.0,111.0,0.0,3412924856.0,3823.000000000001,0.0,1.0,0.0,0.0,5.0,0.0,1.0,1.0,0.0,7.000000000000001,0.0,251909.0,0.0,0.0,0.0,1497.0000000000002,1.0,0.0,0.0,0.0,0.0,0.3788445143601744,0.4672150031343215,0.0,0.0,1874.3248628617444
26,26,484254911.0,56300838.0,182647832.0,0.0,0.0,0.0,0.0,0.0,0.0,0.0,0.0,0.0,128.0,0.0,222.0,0.0,4968367800.0,5443.0,0.0,1.0,0.0,0.0,5.0,0.0,1.0,0.0,0.0,4.0,0.0,178577.0,0.0,0.0,0.0,1497.0000000000002,1.0,0.0,0.0,1.0,0.0,0.5297585676808211,0.4731188122622637,0.0,0.0,1869.2160463515663
165,165,301442372.0,122010238.5,163035317.0,0.0,0.0,0.0,0.0,0.0,0.0,1.0,0.0,0.0,112.0,1.0,999.0,0.0,4366914464.0,1798.0000000000002,1.0,1.0,0.0,0.0,0.0,0.0,1.0,0.0,0.0,7.000000000000001,0.0,2037.0,0.0,0.0,0.0,1497.0000000000002,0.0,0.0,1.0,0.0,0.0,0.7560664144185093,0.8176486171908803,10.0,10.0,1868.0458285014197
399,401,1749519604.0,240407589.0,266026165.0,0.0,0.0,120000000.0,0.0,0.0,0.0,0.0,0.0,0.0,80.0,1.0,1443.0,0.0,3315184752.0,1960.0,0.0,1.0,0.0,0.0,5.0,0.0,1.0,1.0,0.0,7.000000000000001,0.0,42777.0,0.0,0.0,0.0,375.0,1.0,0.0,0.0,0.0,0.0,0.0349651405006775,0.1386869916726546,5.0,5.0,1866.8661377065444
57,57,102043291.0,143085418.5,191196877.0,0.0,0.0,0.0,0.0,0.0,0.0,1.0,1.0,0.0,96.0,1.0,888.0,0.0,3381009720.0,2041.0,0.0,1.0,0.0,0.0,5.0,0.0,0.0,1.0,0.0,7.000000000000001,0.0,54320.0,0.0,0.0,0.0,26181.0,1.0,0.0,0.0,0.0,0.0,0.4716466653189233,0.4136841657489122,0.0,0.0,1865.3999316470456
122,122,88341365.0,0.0,200248807.0,0.0,0.0,0.0,0.0,0.0,0.0,0.0,0.0,0.0,32.0,1.0,555.0,0.0,2854619944.0,2608.0,0.0,1.0,0.0,0.0,5.0,0.0,1.0,0.0,0.0,7.000000000000001,0.0,181972.0,0.0,0.0,0.0,749.0,1.0,0.0,0.0,0.0,0.0,0.4616120046987009,0.4471534500731173,15.0,15.0,1861.0128243731372
94,94,230769280.0,0.0,178725329.0,0.0,0.0,0.0,0.0,0.0,0.0,0.0,0.0,0.0,128.0,1.0,444.0,0.0,3534286360.0,4390.0,0.0,1.0,0.0,0.0,5.0,0.0,1.0,0.0,0.0,10.000000000000002,0.0,300797.0,0.0,9.0,18026813.0,749.0,1.0,0.0,0.0,0.0,0.0,0.3023046247832935,0.335238621699698,15.0,15.0,1859.94285981828
415,418,81850979.0,0.0,162934740.0,0.0,0.0,90000000.0,0.0,0.0,0.0,1.0,0.0,0.0,48.0,1.0,111.0,0.0,3703520568.0,4552.0,0.0,1.0,0.0,0.0,5.0,0.0,1.0,0.0,0.0,4.0,0.0,278390.0,0.0,0.0,0.0,12717.0,1.0,0.0,0.0,0.0,0.0,0.3788445143601744,0.4672150031343215,0.0,0.0,1858.1259046379187
299,299,151081763.0,127203765.0,169975130.0,0.0,0.0,0.0,0.0,0.0,0.0,0.0,1.0,0.0,112.0,1.0,111.0,0.0,3989916920.0,3904.000000000001,1.0,1.0,0.0,0.0,5.0,0.0,1.0,0.0,0.0,10.000000000000002,0.0,224070.0,0.0,0.0,0.0,1123.0,0.0,0.0,0.0,0.0,0.0,0.5394917034206107,0.5964337951603652,10.0,10.0,1857.5004914469916
121,121,97355790.0,2408592.0,163739356.0,0.0,0.0,22500000.0,0.0,0.0,0.0,0.0,1.0,0.0,32.0,1.0,444.0,0.0,2944486248.0,1393.0000000000002,0.0,1.0,0.0,0.0,5.0,0.0,1.0,0.0,0.0,4.0,0.0,53641.0,0.0,0.0,0.0,375.0,0.0,0.0,0.0,0.0,0.0,0.6265739248440312,0.5666657821807447,15.0,15.0,1857.2870311011782
369,371,81850979.0,405847752.0,542311184.0,11788738.0,10.0,0.0,0.0,0.0,0.0,0.0,0.0,0.0,80.0,1.0,888.0,0.0,36150.4,3499.0000000000005,0.0,1.0,0.0,0.0,5.0,6.0,0.0,0.0,0.0,10.000000000000002,6.0,13580.0,0.0,0.0,0.0,749.0,0.0,0.0,0.0,0.0,0.0,0.2312668798370487,0.6997876973923775,5.0,5.0,1855.828474813569
205,205,81850979.0,0.0,162934740.0,0.0,0.0,0.0,0.0,0.0,0.0,0.0,1.0,0.0,80.0,1.0,999.0,0.0,3530401952.0,3013.0000000000005,0.0,1.0,0.0,0.0,5.0,0.0,1.0,0.0,0.0,7.000000000000001,6.0,321167.0,0.0,0.0,0.0,749.0,1.0,0.0,0.0,0.0,0.0,0.9168969570631408,0.9403934734123608,5.0,5.0,1855.2232486328742
279,279,182812539.0,0.0,185061680.0,0.0,0.0,0.0,0.0,0.0,0.0,1.0,0.0,0.0,112.0,1.0,555.0,0.0,33251.2,2122.0,1.0,1.0,0.0,0.0,5.0,0.0,1.0,0.0,0.0,7.000000000000001,0.0,240366.0,0.0,0.0,0.0,1123.0,1.0,5478512.280788248,1.0,0.0,0.0,0.31401299715235,0.4189491733860842,10.0,10.0,1854.1214823116204
174,174,829687677.0,14451552.0,507410965.0,5440956.0,10.0,450000000.0,1.0,0.0,0.0,1.0,1.0,0.0,80.0,1.0,1221.0,1.0,3929866072.0,3742.000000000001,0.0,1.0,0.0,0.0,5.0,0.0,1.0,0.0,0.0,7.000000000000001,18.0,198947.0,0.0,9.0,0.0,24311.0,0.0,54427530.58651813,1.0,0.0,0.0,0.4881267967640719,0.5515840366088904,10.0,10.0,1849.8708108056712
181,181,95552905.0,0.0,165046857.0,0.0,0.0,75000000.0,0.0,0.0,0.0,1.0,1.0,0.0,128.0,0.0,666.0,0.0,3183114880.0,3580.0000000000005,0.0,1.0,0.0,0.0,5.0,0.0,1.0,0.0,1.0,4.0,0.0,137158.0,0.0,0.0,0.0,1123.0,0.0,0.0,0.0,0.0,0.0,0.4047639284022057,0.2562328298972371,0.0,5.0,1848.776421340075
75,75,81850979.0,0.0,229516714.0,22878774.0,20.0,180000000.0,0.0,0.0,0.0,0.0,0.0,0.0,112.0,1.0,333.0,1.0,4014378192.0,2608.0,0.0,1.0,0.0,0.0,5.0,0.0,1.0,0.0,0.0,10.000000000000002,0.0,99813.0,0.0,9.0,0.0,6733.000000000001,1.0,0.0,0.0,0.0,0.0,0.2216696198192527,0.9429267551182172,5.0,5.0,1847.0837615418047
396,398,361298154.0,0.0,268942898.0,0.0,0.0,0.0,0.0,0.0,0.0,0.0,0.0,0.0,96.0,1.0,333.0,0.0,3004117160.0,6010.0,1.0,1.0,0.0,0.0,5.0,0.0,1.0,0.0,0.0,4.0,0.0,300797.0,0.0,0.0,0.0,749.0,1.0,0.0,0.0,1.0,1.0,0.6423077011552943,0.4837915954059367,10.0,10.0,1846.4790720566305
47,47,81850979.0,121934970.0,162934740.0,0.0,0.0,75000000.0,0.0,0.0,0.0,0.0,0.0,0.0,80.0,1.0,555.0,0.0,3393292848.0,5524.0,1.0,1.0,0.0,0.0,5.0,0.0,1.0,0.0,0.0,4.0,0.0,166355.0,0.0,0.0,0.0,14213.0,1.0,0.0,0.0,1.0,0.0,0.4047639284022057,0.4687501253968861,0.0,0.0,1845.704038446707
458,462,230048126.0,19870884.0,179731099.0,0.0,0.0,120000000.0,0.0,0.0,0.0,0.0,0.0,0.0,112.0,1.0,555.0,0.0,3929131184.0,2527.0,0.0,1.0,0.0,0.0,5.0,0.0,1.0,1.0,0.0,7.000000000000001,0.0,269563.0,0.0,0.0,0.0,1497.0000000000002,1.0,0.0,0.0,0.0,0.0,0.3788445143601744,0.4672150031343215,0.0,0.0,1845.3918387545532
120,120,116826948.0,125773663.5,168064167.0,0.0,0.0,22500000.0,0.0,0.0,1.0,1.0,1.0,0.0,48.0,1.0,777.0,0.0,4117262512.0,1636.0000000000002,1.0,1.0,0.0,0.0,5.0,0.0,1.0,0.0,0.0,4.0,0.0,53641.0,0.0,0.0,0.0,4115.0,0.0,0.0,0.0,0.0,0.0,0.3829896732466849,0.4234504713963199,0.0,0.0,1842.0543676445413
260,260,1056130033.0,2107518.0,471605553.0,0.0,0.0,0.0,0.0,0.0,0.0,0.0,1.0,0.0,96.0,0.0,555.0,0.0,3447464592.0,4147.0,0.0,1.0,0.0,0.0,5.0,0.0,1.0,0.0,0.0,7.000000000000001,0.0,164997.0,0.0,0.0,0.0,1497.0000000000002,1.0,0.0,0.0,0.0,0.0,0.5608472052358422,0.0550814060939769,5.0,5.0,1841.7585513312624
128,128,730168425.0,0.0,439119182.0,0.0,0.0,450000000.0,0.0,0.0,0.0,0.0,0.0,0.0,192.0,1.0,666.0,0.0,4217207280.0,4714.0,1.0,1.0,0.0,0.0,5.0,0.0,1.0,1.0,0.0,4.0,0.0,247156.0,0.0,0.0,0.0,26181.0,1.0,37400647.81453815,1.0,0.0,0.0,0.0051008832699194,0.3278400004167037,10.0,10.0,1841.0860764286272
441,445,1871755207.0,158967072.0,381890869.0,0.0,0.0,105000000.0,0.0,0.0,1.0,0.0,0.0,0.0,96.0,0.0,888.0,0.0,3263742592.0,5524.0,0.0,1.0,0.0,0.0,5.0,0.0,1.0,0.0,0.0,4.0,0.0,423017.0,0.0,0.0,0.0,16457.0,1.0,0.0,0.0,0.0,0.0,0.3355400739958849,0.5555899409354014,10.0,10.0,1840.120008157263
131,131,81850979.0,0.0,162934740.0,0.0,0.0,0.0,0.0,0.0,0.0,0.0,0.0,0.0,144.0,0.0,0.0,0.0,2494209872.0,3742.000000000001,1.0,1.0,0.0,0.0,0.0,0.0,1.0,0.0,1.0,7.000000000000001,12.0,281.8,0.0,9.0,0.0,749.0,1.0,0.0,0.0,0.0,0.0,0.9277752215967496,0.5197938584648039,10.0,10.0,1840.0158668633114
331,333,181730808.0,127655376.0,170578592.0,0.0,0.0,22500000.0,0.0,0.0,0.0,1.0,0.0,0.0,64.0,1.0,333.0,0.0,3105006784.0,1474.0000000000002,1.0,1.0,0.0,0.0,5.0,0.0,1.0,0.0,0.0,4.0,0.0,76727.0,0.0,0.0,0.0,1497.0000000000002,1.0,0.0,0.0,0.0,0.0,0.3829896732466849,0.4234504713963199,0.0,0.0,1838.805719934103
103,103,318750068.0,0.0,292377339.0,0.0,0.0,45000000.0,0.0,0.0,0.0,0.0,0.0,0.0,64.0,1.0,444.0,1.0,2761709104.0,4633.0,0.0,1.0,0.0,0.0,5.0,0.0,1.0,0.0,0.0,7.000000000000001,0.0,219996.0,0.0,0.0,0.0,1123.0,0.0,0.0,0.0,0.0,0.0,0.3829896732466849,0.4234504713963199,0.0,0.0,1837.7662711705864
427,431,7414905428.0,18214977.0,3450092831.0,0.0,10.0,0.0,0.0,0.0,0.0,0.0,0.0,0.0,32.0,1.0,444.0,0.0,2826064296.0,3742.000000000001,1.0,1.0,0.0,0.0,5.0,6.0,1.0,0.0,0.0,10.000000000000002,0.0,124936.0,0.0,45.0,0.0,1497.0000000000002,0.0,0.0,0.0,0.0,1.0,0.5297585676808211,0.4731188122622637,0.0,0.0,1837.6384272378039
85,85,82211556.0,0.0,1418437431.0,49697038.0,30.0,90000000.0,0.0,0.0,0.0,0.0,0.0,0.0,144.0,1.0,0.0,1.0,4527644968.0,3013.0000000000005,1.0,1.0,0.0,0.0,5.0,0.0,0.0,0.0,0.0,10.000000000000002,0.0,72653.0,0.0,0.0,0.0,1497.0000000000002,1.0,0.0,0.0,0.0,0.0,0.4425789792000538,0.1701627083594987,10.0,10.0,1835.131879573456
451,455,228605818.0,24085920.0,171886093.0,0.0,0.0,0.0,0.0,0.0,0.0,0.0,0.0,0.0,144.0,1.0,444.0,0.0,3829186416.0,3013.0000000000005,1.0,1.0,0.0,0.0,5.0,0.0,1.0,0.0,0.0,10.000000000000002,6.0,148701.0,0.0,0.0,0.0,375.0,1.0,0.0,0.0,0.0,0.0,0.4199136797196216,0.5074913065110179,0.0,0.0,1833.7733908577006
222,222,745312659.0,46817007.0,206283427.0,0.0,0.0,0.0,0.0,0.0,0.0,0.0,1.0,0.0,112.0,0.0,999.0,0.0,4359880536.0,5767.0,0.0,0.0,0.0,0.0,5.0,0.0,1.0,0.0,1.0,4.0,0.0,188762.0,0.0,0.0,0.0,1497.0000000000002,1.0,0.0,0.0,1.0,0.0,0.639216208816515,0.5195587226896633,10.0,10.0,1833.7152275527153
425,429,1114543507.0,170558421.0,212619778.0,0.0,0.0,0.0,0.0,0.0,0.0,0.0,0.0,0.0,128.0,0.0,222.0,0.0,3449354304.0,4633.0,1.0,1.0,0.0,0.0,5.0,0.0,1.0,0.0,1.0,4.0,0.0,219996.0,0.0,0.0,0.0,9351.000000000002,1.0,0.0,0.0,0.0,0.0,0.2271366346191486,0.7029600982213577,5.0,5.0,1833.6537260322432
242,242,135216375.0,9333294.0,168567052.0,0.0,0.0,22500000.0,0.0,0.0,0.0,1.0,1.0,0.0,112.0,1.0,999.0,0.0,3065742768.0,1636.0000000000002,0.0,1.0,0.0,0.0,5.0,0.0,1.0,0.0,0.0,4.0,0.0,104566.0,0.0,0.0,0.0,1123.0,0.0,0.0,0.0,0.0,0.0,0.3829896732466849,0.4234504713963199,0.0,0.0,1833.5032243666085
353,355,89062519.0,122085507.0,163135894.0,0.0,0.0,0.0,0.0,0.0,0.0,1.0,1.0,0.0,96.0,1.0,888.0,0.0,3119179624.0,3418.0000000000005,0.0,1.0,0.0,0.0,5.0,0.0,0.0,0.0,0.0,10.000000000000002,18.0,144627.0,0.0,27.0,0.0,33287.0,0.0,0.0,0.0,0.0,0.0,0.3741166107514876,0.5386538609624927,15.0,15.0,1830.0662717835035
423,427,81850979.0,0.0,162934740.0,0.0,0.0,0.0,0.0,0.0,0.0,0.0,1.0,0.0,160.0,1.0,999.0,0.0,2990049304.0,3499.0000000000005,0.0,0.0,0.0,0.0,5.0,0.0,0.0,0.0,0.0,7.000000000000001,0.0,155491.0,0.0,0.0,0.0,1497.0000000000002,0.0,0.0,0.0,0.0,0.0,0.7873874731885736,0.246129414165367,15.0,15.0,1823.7689148481606
134,134,672836682.0,8430072.0,717616895.0,0.0,0.0,75000000.0,0.0,0.0,0.0,1.0,1.0,0.0,64.0,1.0,0.0,1.0,2396049832.0,4228.0,1.0,1.0,1.0,0.0,5.0,0.0,1.0,0.0,0.0,7.000000000000001,0.0,279069.0,0.0,0.0,0.0,18701.0,1.0,0.0,0.0,0.0,0.0,0.6507865611027254,0.4970158536744459,10.0,10.0,1822.412399720029
101,101,139543299.0,1053759.0,177015520.0,0.0,0.0,22500000.0,0.0,0.0,0.0,1.0,1.0,0.0,32.0,1.0,777.0,0.0,3753807904.0,1879.0,1.0,1.0,0.0,0.0,5.0,0.0,1.0,0.0,0.0,7.000000000000001,0.0,142590.0,0.0,0.0,0.0,14213.0,1.0,0.0,0.0,0.0,0.0,0.7546217774563782,0.7704233854308011,10.0,10.0,1816.7138666309086
265,265,81850979.0,0.0,162934740.0,0.0,0.0,0.0,0.0,0.0,0.0,0.0,0.0,0.0,32.0,1.0,111.0,0.0,4220986704.0,2689.0,0.0,1.0,0.0,0.0,5.0,0.0,1.0,0.0,0.0,10.000000000000002,12.0,195552.0,0.0,0.0,0.0,1497.0000000000002,1.0,0.0,0.0,0.0,0.0,0.9130679653978812,0.7307494314969146,5.0,5.0,1812.409745534166
346,348,371754887.0,0.0,235249603.0,0.0,0.0,22500000.0,0.0,0.0,0.0,1.0,0.0,0.0,48.0,1.0,111.0,0.0,3251879400.0,1474.0000000000002,0.0,1.0,0.0,0.0,5.0,0.0,0.0,0.0,0.0,4.0,0.0,126973.0,0.0,0.0,0.0,1871.0,0.0,0.0,0.0,0.0,0.0,0.1468547633028282,0.3085701486263771,5.0,5.0,1812.2942280396073
403,405,3769832535.0,10537590.0,1481901518.0,3344849.9999999995,10.0,285000000.0,1.0,0.0,1.0,1.0,1.0,0.0,160.0,1.0,666.0,1.0,3781103744.0,4390.0,1.0,1.0,0.0,0.0,5.0,0.0,1.0,1.0,0.0,7.000000000000001,0.0,423017.0,0.0,0.0,0.0,17579.0,1.0,39839789.69691508,1.0,0.0,1.0,0.2799482619656286,0.9661246738580777,5.0,5.0,1811.571426089244
142,142,81850979.0,0.0,162934740.0,0.0,0.0,0.0,0.0,0.0,0.0,0.0,0.0,0.0,32.0,1.0,444.0,0.0,1776959184.0,3499.0000000000005,0.0,1.0,0.0,0.0,5.0,0.0,0.0,0.0,0.0,7.000000000000001,18.0,200984.0,0.0,0.0,0.0,1497.0000000000002,1.0,0.0,0.0,0.0,0.0,0.591427210186843,0.6770717106465318,10.0,10.0,1808.6655777970218
393,395,229326972.0,0.0,217346897.0,0.0,0.0,120000000.0,0.0,0.0,0.0,0.0,0.0,0.0,144.0,1.0,999.0,0.0,3554968208.0,5443.0,1.0,1.0,0.0,0.0,5.0,0.0,1.0,1.0,0.0,4.0,0.0,219996.0,0.0,0.0,0.0,19075.0,1.0,0.0,0.0,1.0,1.0,0.4047639284022057,0.4687501253968861,0.0,0.0,1807.794509037138
125,125,103125022.0,301074.0,172590132.0,25078942.0,30.0,0.0,0.0,0.0,0.0,0.0,0.0,0.0,128.0,1.0,333.0,0.0,3129258088.0,3094.0000000000005,0.0,1.0,0.0,0.0,5.0,0.0,0.0,0.0,0.0,7.000000000000001,0.0,195552.0,0.0,0.0,0.0,23563.0,1.0,0.0,0.0,0.0,0.0,0.6655453643424876,0.4620118137976465,20.0,20.0,1807.5515349332363
